fattree-80sw,WATERFALL,2,0,0,0,0,640,2.234031;0,0,0,0.925641025641,0,0,0,0.925641025641
fattree-80sw,BALANCED,8,0,0,0,0,1320,0.608961;0.931578947368,0.512820512821,0.6,0.325641025641,0.994736842105,0.479487179487,0.6,0.325641025641
fattree-80sw,MAX_CPU,8,2,0.194736842105,0.160526315789,0.0401315789474,1270,0.608961;0.484210526316,0.407692307692,1.19473684211,0.917948717949,0.415789473684,0.402564102564,1.12631578947,0.912820512821
fattree-80sw,C90,8,0,0,0,0,1170,0.608961;0.494736842105,0.523076923077,0.505263157895,0.5,0.326315789474,0.523076923077,0.505263157895,0.505128205128
fattree-80sw,MAX_CPU_N,8,0,0,0,0,1120,0.608961;0.689473684211,0.6,0.505263157895,0.369230769231,0.689473684211,0.6,0.505263157895,0.369230769231
jellyfish-70sw,WATERFALL,3,0,0,0,0,540,2.287016;0,0.989743589744,0,0.975641025641,0,0.0538461538462,0
jellyfish-70sw,BALANCED,7,1,0.0789473684211,0.0789473684211,0.0112781954887,1120,0.603259;1.07894736842,0.476923076923,0.736842105263,0.276923076923,0.931578947368,0.464102564103,0.647368421053
jellyfish-70sw,MAX_CPU,7,2,0.315789473684,0.271052631579,0.0774436090226,1020,0.603259;0.431578947368,0.507692307692,1.31578947368,0.984615384615,0.494736842105,0.451282051282,1.22631578947
jellyfish-70sw,C90,7,0,0,0,0,1060,0.603259;0.431578947368,0.594871794872,0.631578947368,0.523076923077,0.442105263158,0.551282051282,0.605263157895
jellyfish-70sw,MAX_CPU_N,7,0,0,0,0,1060,0.603259;0.715789473684,0.620512820513,0.573684210526,0.420512820513,0.647368421053,0.625641025641,0.447368421053
jellyfish-150sw,WATERFALL,5,0,0,0,0,1690,3.722372;0,0.879487179487,0,0.94358974359,0,0.976923076923,0,0.975641025641,0,0.84358974359
jellyfish-150sw,BALANCED,10,3,0.442105263158,0.398245614035,0.119473684211,2350,0.595965;1.41578947368,0.679487179487,0.978947368421,0.482051282051,1.44210526316,0.666666666667,0.984210526316,0.423076923077,1.33684210526,0.682051282051
jellyfish-150sw,MAX_CPU,10,4,0.747368421053,0.527631578947,0.211052631579,2220,0.595965;0.652631578947,0.64358974359,1.74736842105,1.37179487179,0.7,0.669230769231,1.56315789474,1.42820512821,0.673684210526,0.6
jellyfish-150sw,C90,10,0,0,0,0,2240,0.595965;0.689473684211,0.730769230769,0.805263157895,0.764102564103,0.726315789474,0.776923076923,0.747368421053,0.697435897436,0.6,0.748717948718
jellyfish-150sw,MAX_CPU_N,10,2,0.0263157894737,0.0184210526316,0.00368421052632,2290,0.595965;1.02631578947,0.920512820513,0.652631578947,0.55641025641,1.01052631579,0.789743589744,0.684210526316,0.54358974359,0.905263157895,0.835897435897
jellyfish-670sw,WATERFALL,25,0,0,0,0,10950,19.678552;0,0.997435897436,0.942105263158,0.994871794872,0,0.897435897436,0.963157894737,0.961538461538,0,0.964102564103,0.971052631579,0.997435897436,0,0.994871794872,0.952631578947,0.984615384615,0,0.971794871795,0.913157894737,0.951282051282,0,0.964102564103,0.907894736842,0.988461538462,0,0.948717948718,0.710526315789,0.99358974359,0.521052631579,0.874358974359,0.944736842105,0.967948717949
jellyfish-670sw,BALANCED,32,16,1.15263157895,0.623026315789,0.311513157895,11880,0.694573;2.02105263158,0.897435897436,1.11578947368,0.628205128205,1.96842105263,0.928205128205,1.27368421053,0.553846153846,1.87894736842,0.879487179487,1.28947368421,0.579487179487,2.03157894737,0.874358974359,1.32631578947,0.620512820513,2.07368421053,0.897435897436,1.25263157895,0.569230769231,1.97368421053,0.828205128205,1.2,0.617948717949,1.94210526316,0.874358974359,1.23684210526,0.602564102564,2.15263157895,0.887179487179,1.23157894737,0.574358974359
jellyfish-670sw,MAX_CPU,32,16,1.11578947368,0.879284750337,0.439642375169,11440,0.694573;0.963157894737,0.751282051282,2.06315789474,1.74358974359,0.884210526316,0.802564102564,1.98421052632,1.77435897436,0.878947368421,0.838461538462,2.05263157895,1.65641025641,0.963157894737,0.776923076923,2.11578947368,1.79230769231,0.947368421053,0.789743589744,2.01578947368,1.77692307692,0.868421052632,0.828205128205,2.10526315789,1.70256410256,0.973684210526,0.784615384615,1.91578947368,1.67948717949,0.868421052632,0.787179487179,1.92105263158,1.76923076923
jellyfish-670sw,C90,32,5,0.0631578947368,0.0338191632928,0.00528424426451,11510,0.694573;0.857894736842,0.925641025641,1.0,0.987179487179,0.831578947368,0.905128205128,1.06315789474,0.992307692308,0.884210526316,0.917948717949,0.994736842105,1.0358974359,0.815789473684,0.9,0.968421052632,0.925641025641,0.910526315789,0.930769230769,1.03157894737,1.00512820513,0.831578947368,0.892307692308,0.931578947368,0.987179487179,0.789473684211,0.897435897436,0.9,1.03333333333,0.789473684211,0.889743589744,1.0,0.976923076923
jellyfish-670sw,MAX_CPU_N,32,16,0.436842105263,0.234969635628,0.117484817814,11780,0.694573;1.28947368421,1.11282051282,0.815789473684,0.766666666667,1.43684210526,1.1,0.868421052632,0.74358974359,1.42105263158,1.07948717949,0.889473684211,0.679487179487,1.43684210526,1.07948717949,0.884210526316,0.779487179487,1.28947368421,1.07692307692,0.836842105263,0.728205128205,1.35789473684,1.1,0.836842105263,0.741025641026,1.39473684211,1.06666666667,0.889473684211,0.797435897436,1.39473684211,1.12307692308,0.968421052632,0.779487179487
rocketfuel-604sw,WATERFALL,11,9,0.0552631578947,0.0447893237367,0.03664581033,5290,31.708549;1.02105263158,0.997435897436,1.05,1.04358974359,1.05263157895,1.05128205128,1.04210526316,1.05128205128,1.0,1.0358974359,1.05526315789
rocketfuel-604sw,BALANCED,11,8,1.17894736842,0.689946018893,0.501778922832,5050,0.649128;2.17894736842,1.08205128205,1.74736842105,0.769230769231,2.16842105263,1.07435897436,1.49473684211,0.5,1.85789473684,0.876923076923,1.91578947368
rocketfuel-604sw,MAX_CPU,11,9,1.48421052632,0.717648822912,0.587167218746,4510,0.649128;1.24210526316,1.08461538462,2.38947368421,1.91282051282,0.926315789474,0.910256410256,2.13684210526,1.93846153846,1.24210526316,1.02820512821,2.48421052632
rocketfuel-604sw,C90,11,8,0.515789473684,0.233721322537,0.169979143663,3940,0.649128;1.1,1.2358974359,1.25789473684,1.21794871795,0.910526315789,0.969230769231,0.931578947368,1.15384615385,1.14736842105,1.24102564103,1.51578947368
rocketfuel-604sw,MAX_CPU_N,11,8,0.752631578947,0.425084345479,0.309152251258,3520,0.649128;1.75263157895,1.22820512821,1.12105263158,0.917948717949,1.64736842105,1.40769230769,1.35263157895,0.725641025641,1.75263157895,1.13846153846,0.805263157895
fattree-281sw,WATERFALL,12,0,0,0,0,7640,46.820098;0,0.9,0.968421052632,0.99358974359,0,0.746153846154,0.973684210526,0.991025641026,0,0.666666666667,0,0.992307692308,0,0.969230769231,0.910526315789,0.992307692308,0,0.971794871795
fattree-281sw,BALANCED,18,8,0.963157894737,0.517763157895,0.230116959064,9180,0.632043;1.78421052632,0.823076923077,0.994736842105,0.548717948718,1.8,0.858974358974,1.06842105263,0.45641025641,1.96315789474,0.728205128205,1.05789473684,0.512820512821,1.68947368421,0.730769230769,1.05789473684,0.546153846154,1.72105263158,0.85641025641
fattree-281sw,MAX_CPU,18,8,0.947368421053,0.782574224022,0.347810766232,9010,0.632043;0.757894736842,0.689743589744,1.93157894737,1.62820512821,0.757894736842,0.689743589744,1.94736842105,1.56923076923,0.894736842105,0.692307692308,1.93684210526,1.64871794872,0.894736842105,0.753846153846,1.94736842105,1.65128205128,0.773684210526,0.761538461538
fattree-281sw,C90,18,0,0,0,0,8980,0.632043;0.731578947368,0.764102564103,0.947368421053,0.907692307692,0.810526315789,0.894871794872,0.947368421053,0.782051282051,0.689473684211,0.766666666667,0.947368421053,0.846153846154,0.894736842105,0.835897435897,0.889473684211,0.894871794872,0.894736842105,0.802564102564
fattree-281sw,MAX_CPU_N,18,5,0.252631578947,0.218947368421,0.0608187134503,9010,0.632043;1.23684210526,0.869230769231,0.821052631579,0.65641025641,1.13157894737,0.969230769231,0.821052631579,0.661538461538,1.23684210526,0.905128205128,0.821052631579,0.664102564103,1.23684210526,0.974358974359,0.826315789474,0.664102564103,1.25263157895,0.974358974359
fattree-320sw,WATERFALL,14,0,0,0,0,10190,53.521395;0,0.892307692308,0.852631578947,0.947435897436,0,0.982051282051,0.965789473684,0.974358974359,0,0.982051282051,0.965789473684,0.958974358974,0,0.982051282051,0.965789473684,0.991025641026,0,0.982051282051,0,0.991025641026,0
fattree-320sw,BALANCED,21,9,0.921052631579,0.643859649123,0.275939849624,10570,0.654324;1.77894736842,0.825641025641,1.18421052632,0.461538461538,1.92105263158,0.784615384615,1.18421052632,0.548717948718,1.77894736842,0.825641025641,1.0,0.548717948718,1.92105263158,0.825641025641,1.0,0.548717948718,1.92105263158,0.825641025641,1.18421052632,0.548717948718,1.92105263158
fattree-320sw,MAX_CPU,21,10,1.02631578947,0.780728744939,0.371775592828,11030,0.654324;0.805263157895,0.784615384615,2.02631578947,1.5641025641,0.842105263158,0.784615384615,2.02631578947,1.60769230769,0.878947368421,0.789743589744,2.02631578947,1.62820512821,0.947368421053,0.784615384615,1.75263157895,1.69487179487,0.947368421053,0.723076923077,1.85263157895,1.62820512821,0.984210526316
fattree-320sw,C90,20,0,0,0,0,11250,0.654324;0.705263157895,0.820512820513,0.931578947368,0.958974358974,0.842105263158,0.902564102564,0.931578947368,0.869230769231,0.705263157895,0.815384615385,0.994736842105,0.987179487179,0.705263157895,0.907692307692,0.994736842105,0.987179487179,0.705263157895,0.871794871795,0.994736842105,0.9,0
fattree-320sw,MAX_CPU_N,21,8,0.389473684211,0.27798582996,0.105899363794,10960,0.654324;1.32105263158,1.04871794872,0.863157894737,0.64358974359,1.32105263158,0.930769230769,0.863157894737,0.584615384615,1.32105263158,1.04358974359,0.926315789474,0.612820512821,1.38947368421,0.928205128205,0.926315789474,0.730769230769,1.38947368421,0.95641025641,0.926315789474,0.612820512821,1.38947368421
jellyfish-230sw,WATERFALL,6,0,0,0,0,2760,23.601121;0,0.874358974359,0.994736842105,0.980769230769,0,0.95641025641,0.931578947368,0.989743589744,0
jellyfish-230sw,BALANCED,9,5,0.8,0.475789473684,0.26432748538,3300,0.586936;1.66842105263,0.810256410256,1.11052631579,0.610256410256,1.8,0.823076923077,1.15263157895,0.576923076923,1.64736842105
jellyfish-230sw,MAX_CPU,9,4,1.04210526316,0.791025641026,0.351566951567,3180,0.586936;0.742105263158,0.733333333333,2.04210526316,1.67692307692,0.852631578947,0.748717948718,1.75789473684,1.68717948718,0.878947368421
jellyfish-230sw,C90,9,1,0.0564102564103,0.0564102564103,0.00626780626781,3170,0.586936;0.847368421053,0.915384615385,0.947368421053,1.05641025641,0.689473684211,0.853846153846,0.884210526316,0.928205128205,0.778947368421
jellyfish-230sw,MAX_CPU_N,9,5,0.163157894737,0.12286099865,0.0682561103614,3340,0.586936;1.15263157895,1.02307692308,0.826315789474,0.753846153846,1.14210526316,1.13333333333,0.894736842105,0.710256410256,1.16315789474
jellyfish-610sw,WATERFALL,16,1,0.0025641025641,0.0025641025641,0.000160256410256,9580,27.284629;0,0.987179487179,0.984210526316,0.991025641026,0,0.987179487179,0.971052631579,0.996153846154,0,0.997435897436,0.971052631579,0.998717948718,0,1.0,0.968421052632,0.992307692308,0.863157894737,1.00256410256,0.989473684211,0.991025641026
jellyfish-610sw,BALANCED,20,10,1.21052631579,0.749473684211,0.374736842105,10020,0.706562;2.04736842105,0.907692307692,1.44210526316,0.607692307692,2.14210526316,0.887179487179,1.41052631579,0.651282051282,2.14210526316,0.912820512821,1.33157894737,0.594871794872,2.08421052632,0.95641025641,1.35263157895,0.615384615385,2.21052631579,0.928205128205,1.33157894737,0.625641025641
jellyfish-610sw,MAX_CPU,20,10,1.11578947368,0.951632928475,0.475816464238,9720,0.706562;0.910526315789,0.85641025641,2.1,1.80256410256,0.921052631579,0.833333333333,2.11578947368,1.83076923077,0.968421052632,0.830769230769,2.11578947368,1.83333333333,0.968421052632,0.815384615385,2.03157894737,1.79230769231,0.915789473684,0.851282051282,2.07368421053,1.82051282051
jellyfish-610sw,C90,20,11,0.117948717949,0.0488038277512,0.0268421052632,9670,0.706562;0.894736842105,1.02307692308,1.04210526316,1.11794871795,0.894736842105,1.01282051282,1.10526315789,1.07435897436,0.894736842105,0.964102564103,1.04736842105,1.01538461538,0.931578947368,0.989743589744,1.04210526316,1.05384615385,0.863157894737,0.941025641026,0.963157894737,1.00256410256
jellyfish-610sw,MAX_CPU_N,20,10,0.452631578947,0.277611336032,0.138805668016,9940,0.706562;1.39473684211,1.22307692308,0.868421052632,0.835897435897,1.41052631579,1.12051282051,0.978947368421,0.848717948718,1.45263157895,1.1358974359,0.989473684211,0.869230769231,1.39473684211,1.20256410256,0.815789473684,0.833333333333,1.31578947368,1.12564102564,0.936842105263,0.805128205128
fattree-245sw,WATERFALL,9,0,0,0,0,6030,21.284979;0,0.6,0,0.99358974359,0,0.974358974359,0,0.971794871795,0,0.974358974359,0,0.99358974359,0,0.94358974359,0.823684210526,0.99358974359
fattree-245sw,BALANCED,16,5,0.7,0.548421052632,0.171381578947,7210,0.571450;1.7,0.825641025641,0.963157894737,0.530769230769,1.7,0.85641025641,0.963157894737,0.558974358974,1.63157894737,0.687179487179,0.973684210526,0.441025641026,1.56315789474,0.766666666667,1.14736842105,0.410256410256
fattree-245sw,MAX_CPU,16,8,0.763157894737,0.611707152497,0.305853576248,7310,0.571450;0.852631578947,0.658974358974,1.76315789474,1.49487179487,0.852631578947,0.628205128205,1.76315789474,1.51025641026,0.852631578947,0.687179487179,1.76315789474,1.39743589744,0.715789473684,0.635897435897,1.76315789474,1.43846153846
fattree-245sw,C90,16,0,0,0,0,7490,0.571450;0.689473684211,0.738461538462,0.857894736842,0.825641025641,0.757894736842,0.8,0.857894736842,0.828205128205,0.715789473684,0.712820512821,0.857894736842,0.853846153846,0.715789473684,0.710256410256,0.857894736842,0.797435897436
fattree-245sw,MAX_CPU_N,16,4,0.184210526316,0.168421052632,0.0421052631579,7280,0.571450;1.16315789474,0.910256410256,0.794736842105,0.551282051282,1.16315789474,0.969230769231,0.794736842105,0.610256410256,1.16315789474,0.851282051282,0.673684210526,0.638461538462,1.18421052632,0.879487179487,0.794736842105,0.638461538462
jellyfish-690sw,WATERFALL,26,2,0.0025641025641,0.0025641025641,0.000197238658777,11640,20.454223;0,0.992307692308,0.976315789474,0.978205128205,0,0.992307692308,0.831578947368,0.99358974359,0,0.976923076923,0.95,0.984615384615,0,1.00256410256,0.963157894737,0.971794871795,0,0.989743589744,0.931578947368,0.961538461538,0,0.989743589744,0.928947368421,0.988461538462,0,0.974358974359,0.955263157895,0.982051282051,0.831578947368,1.00256410256,0.971052631579,0.991025641026,0.336842105263
jellyfish-690sw,BALANCED,33,17,1.11578947368,0.656965944272,0.338437001595,12150,0.688488;2.02105263158,0.820512820513,1.28947368421,0.576923076923,2.01052631579,0.858974358974,1.25789473684,0.615384615385,1.90526315789,0.876923076923,1.20526315789,0.612820512821,1.92631578947,0.820512820513,1.26315789474,0.6,1.95789473684,0.866666666667,1.28947368421,0.589743589744,2.01052631579,0.846153846154,1.31052631579,0.602564102564,2.11578947368,0.874358974359,1.25789473684,0.615384615385,2.07368421053,0.912820512821,1.23684210526,0.594871794872,2.03684210526
jellyfish-690sw,MAX_CPU,33,16,1.15263157895,0.901585695007,0.437132458185,11950,0.688488;0.894736842105,0.861538461538,2.02631578947,1.8,0.910526315789,0.853846153846,2.07368421053,1.75641025641,0.947368421053,0.810256410256,1.99473684211,1.71538461538,0.989473684211,0.828205128205,2.0,1.73076923077,0.905263157895,0.769230769231,1.99473684211,1.75384615385,0.868421052632,0.823076923077,2.15263157895,1.74615384615,0.936842105263,0.794871794872,2.1,1.8,0.905263157895,0.810256410256,2.04736842105,1.73333333333,0.857894736842
jellyfish-690sw,C90,33,7,0.0333333333333,0.0128205128205,0.0027195027195,11890,0.688488;0.842105263158,0.974358974359,0.878947368421,1.00769230769,0.884210526316,0.946153846154,0.931578947368,1.02307692308,0.857894736842,0.935897435897,0.984210526316,1.00769230769,0.831578947368,0.935897435897,0.978947368421,1.00512820513,0.842105263158,0.989743589744,0.947368421053,1.03333333333,0.947368421053,0.948717948718,0.968421052632,1.00512820513,0.815789473684,0.928205128205,0.926315789474,1.00769230769,0.884210526316,0.907692307692,0.926315789474,0.941025641026,0.884210526316
jellyfish-690sw,MAX_CPU_N,33,16,0.384210526316,0.227462887989,0.110285036601,12020,0.688488;1.28947368421,1.0,0.889473684211,0.746153846154,1.36842105263,1.10512820513,0.936842105263,0.75641025641,1.31578947368,1.09230769231,0.873684210526,0.774358974359,1.38421052632,1.0641025641,0.884210526316,0.817948717949,1.34210526316,1.1,1.0,0.776923076923,1.34210526316,1.07692307692,0.952631578947,0.766666666667,1.33157894737,1.11282051282,0.894736842105,0.853846153846,1.27894736842,1.05128205128,0.910526315789,0.810256410256,1.38421052632
fattree-405sw,WATERFALL,20,0,0,0,0,15930,46.749032;0,0.948717948718,0.994736842105,0.971794871795,0,0.974358974359,0.523684210526,0.991025641026,0,0.917948717949,0,0.965384615385,0,0.974358974359,0.960526315789,0.971794871795,0,0.930769230769,0.994736842105,0.997435897436,0,0.974358974359,0.994736842105,0.958974358974,0,0.974358974359,0.994736842105,0.948717948718,0
fattree-405sw,BALANCED,29,15,1.04210526316,0.584210526316,0.302177858439,17890,0.658584;1.97368421053,0.758974358974,1.08947368421,0.476923076923,1.87368421053,0.84358974359,1.20526315789,0.55641025641,1.84210526316,0.810256410256,1.03157894737,0.533333333333,1.97368421053,0.84358974359,1.2,0.476923076923,1.94210526316,0.764102564103,1.2,0.55641025641,1.93157894737,0.758974358974,1.2,0.55641025641,2.04210526316,0.789743589744,1.32631578947,0.474358974359,1.93157894737
fattree-405sw,MAX_CPU,29,14,1.02105263158,0.814439946019,0.393177904975,16820,0.658584;0.857894736842,0.764102564103,2.02105263158,1.54358974359,0.931578947368,0.794871794872,1.98947368421,1.70512820513,0.857894736842,0.764102564103,2.02105263158,1.53076923077,0.857894736842,0.802564102564,1.98947368421,1.57692307692,0.931578947368,0.794871794872,2.02105263158,1.54358974359,0.931578947368,0.794871794872,1.92105263158,1.77435897436,0.789473684211,0.717948717949,2.02105263158,1.74358974359,0.857894736842
fattree-405sw,C90,28,1,0.00512820512821,0.00512820512821,0.00018315018315,17110,0.658584;0.857894736842,0.810256410256,0.878947368421,0.830769230769,0.889473684211,0.925641025641,0.931578947368,0.802564102564,0.857894736842,0.887179487179,0.994736842105,0.830769230769,0.747368421053,0.887179487179,0.994736842105,0.830769230769,0.889473684211,0.802564102564,0.815789473684,1.00512820513,0.889473684211,0.894871794872,0.984210526316,0.946153846154,0,0.925641025641,0.984210526316,0.946153846154,0.889473684211
fattree-405sw,MAX_CPU_N,28,15,0.415789473684,0.193891138102,0.103870252554,18210,0.658584;1.27368421053,1.05128205128,0.863157894737,0.64358974359,1.20526315789,1.05128205128,0.926315789474,0.7,1.24736842105,1.05128205128,0.805263157895,0.612820512821,1.34736842105,1.05128205128,0.863157894737,0.64358974359,1.27368421053,1.07948717949,0.926315789474,0.64358974359,1.41578947368,1.04615384615,0.926315789474,0.728205128205,1.34736842105,1.05128205128,0,0.728205128205,1.41578947368
rocketfuel-318sw,WATERFALL,4,4,0.279487179487,0.270681511471,0.270681511471,310,8.840516;1.25263157895,1.27692307692,1.27368421053,1.27948717949
rocketfuel-318sw,BALANCED,4,4,1.53684210526,0.854385964912,0.854385964912,900,0.614307;2.24736842105,1.27435897436,2.53684210526,1.35897435897
rocketfuel-318sw,MAX_CPU,4,4,2.13684210526,0.988529014845,0.988529014845,700,0.614307;1.27368421053,1.18205128205,3.13684210526,2.36153846154
rocketfuel-318sw,C90,4,4,0.779487179487,0.595107962213,0.595107962213,440,0.614307;1.40526315789,1.77948717949,1.73157894737,1.4641025641
rocketfuel-318sw,MAX_CPU_N,4,4,0.871794871795,0.626113360324,0.626113360324,400,0.614307;1.60526315789,1.45897435897,1.56842105263,1.87179487179
jellyfish-250sw,WATERFALL,6,2,0.00769230769231,0.00512820512821,0.0017094017094,3220,24.754161;0,0.992307692308,0,1.00769230769,0,1.00256410256,0.997368421053,0.994871794872,0,0.989743589744
jellyfish-250sw,BALANCED,10,5,0.773684210526,0.491578947368,0.245789473684,3760,0.615237;1.77368421053,0.735897435897,1.18421052632,0.533333333333,1.61052631579,0.848717948718,1.17894736842,0.515384615385,1.71052631579,0.794871794872
jellyfish-250sw,MAX_CPU,10,4,0.936842105263,0.7495951417,0.29983805668,3570,0.615237;0.847368421053,0.75641025641,1.8,1.61025641026,0.836842105263,0.738461538462,1.93684210526,1.65128205128,0.784210526316,0.766666666667
jellyfish-250sw,C90,10,0,0,0,0,3590,0.615237;0.757894736842,0.907692307692,0.978947368421,0.933333333333,0.810526315789,0.825641025641,0.921052631579,0.920512820513,0.768421052632,0.835897435897
jellyfish-250sw,MAX_CPU_N,10,5,0.126315789474,0.0625101214575,0.0312550607287,3770,0.615237;1.12631578947,1.01025641026,0.8,0.684615384615,1.06842105263,1.01282051282,0.8,0.723076923077,1.09473684211,0.992307692308
jellyfish-190sw,WATERFALL,6,0,0,0,0,2340,15.883086;0,0.971794871795,0,0.99358974359,0,0.923076923077,0,0.976923076923,0,0.682051282051,0,0.933333333333
jellyfish-190sw,BALANCED,12,4,0.573684210526,0.430263157895,0.143421052632,3000,0.598658;1.57368421053,0.697435897436,1.11052631579,0.489743589744,1.50526315789,0.717948717949,0.968421052632,0.405128205128,1.53157894737,0.687179487179,0.968421052632,0.448717948718
jellyfish-190sw,MAX_CPU,12,6,0.578947368421,0.470985155196,0.235492577598,2980,0.598658;0.715789473684,0.633333333333,1.57894736842,1.44871794872,0.715789473684,0.638461538462,1.57894736842,1.31538461538,0.7,0.653846153846,1.55263157895,1.35128205128
jellyfish-190sw,C90,12,0,0,0,0,2920,0.598658;0.626315789474,0.8,0.694736842105,0.835897435897,0.652631578947,0.787179487179,0.726315789474,0.794871794872,0.557894736842,0.705128205128,0.705263157895,0.738461538462
jellyfish-190sw,MAX_CPU_N,12,3,0.0894736842105,0.0368421052632,0.00921052631579,2980,0.598658;1.01052631579,0.935897435897,0.7,0.648717948718,1.08947368421,0.882051282051,0.605263157895,0.579487179487,1.01052631579,0.833333333333,0.736842105263,0.558974358974
jellyfish-490sw,WATERFALL,13,3,0.00769230769231,0.00555555555556,0.00128205128205,7420,22.446987;0,1.00512820513,0.989473684211,0.996153846154,0,1.0,0.968421052632,0.996153846154,0,0.992307692308,0.981578947368,0.992307692308,0.894736842105,1.00769230769,0.876315789474,1.00384615385
jellyfish-490sw,BALANCED,16,8,1.17368421053,0.717763157895,0.358881578947,7730,0.664782;2.04736842105,0.948717948718,1.25789473684,0.641025641026,2.10526315789,0.9,1.36842105263,0.628205128205,2.14210526316,0.941025641026,1.29473684211,0.697435897436,2.17368421053,0.910256410256,1.35263157895,0.65641025641
jellyfish-490sw,MAX_CPU,16,8,1.14210526316,0.934564777328,0.467282388664,7560,0.664782;0.957894736842,0.858974358974,1.91052631579,1.82564102564,0.936842105263,0.830769230769,2.14210526316,1.81025641026,1.0,0.846153846154,2.13684210526,1.88717948718,0.994736842105,0.851282051282,1.99473684211,1.76923076923
jellyfish-490sw,C90,16,9,0.152631578947,0.0676563202879,0.0380566801619,7540,0.664782;0.852631578947,1.00256410256,1.02105263158,1.04615384615,0.852631578947,0.946153846154,1.03157894737,1.10256410256,0.947368421053,0.920512820513,1.04210526316,1.11282051282,0.878947368421,0.94358974359,1.15263157895,1.09743589744
jellyfish-490sw,MAX_CPU_N,16,9,0.489473684211,0.256305293147,0.144171727395,7700,0.664782;1.39473684211,1.17179487179,0.942105263158,0.764102564103,1.29473684211,1.13076923077,0.915789473684,0.882051282051,1.42631578947,1.19487179487,1.05789473684,0.817948717949,1.48947368421,1.14615384615,0.915789473684,0.851282051282
jellyfish-90sw,WATERFALL,3,0,0,0,0,650,2.647479;0,0,0,0.989743589744,0,0.133333333333,0,0.980769230769
jellyfish-90sw,BALANCED,8,2,0.136842105263,0.0921052631579,0.0230263157895,1470,0.584822;1.04736842105,0.582051282051,0.757894736842,0.292307692308,1.13684210526,0.582051282051,0.673684210526,0.312820512821
jellyfish-90sw,MAX_CPU,8,3,0.263157894737,0.161853351327,0.0606950067476,1430,0.584822;0.521052631579,0.446153846154,1.17368421053,1.04871794872,0.494736842105,0.484615384615,1.26315789474,0.974358974359
jellyfish-90sw,C90,8,0,0,0,0,1290,0.584822;0.510526315789,0.535897435897,0.531578947368,0.566666666667,0.484210526316,0.594871794872,0.515789473684,0.566666666667
jellyfish-90sw,MAX_CPU_N,8,0,0,0,0,1390,0.584822;0.689473684211,0.682051282051,0.489473684211,0.433333333333,0.778947368421,0.64358974359,0.594736842105,0.430769230769
jellyfish-370sw,WATERFALL,10,3,0.00512820512821,0.0042735042735,0.00128205128205,5270,33.005881;0,0.976923076923,0.989473684211,0.992307692308,0,1.00512820513,0.926315789474,1.00256410256,0,1.00512820513,0.926315789474,0.997435897436,0.921052631579
jellyfish-370sw,BALANCED,13,7,1.08947368421,0.7,0.376923076923,5800,0.610163;2.01578947368,0.876923076923,1.33684210526,0.630769230769,2.08947368421,0.787179487179,1.28947368421,0.564102564103,1.96315789474,0.858974358974,1.35263157895,0.592307692308,1.85263157895
jellyfish-370sw,MAX_CPU,13,7,0.978947368421,0.747175631386,0.402325339977,5550,0.610163;0.878947368421,0.858974358974,1.97894736842,1.85641025641,1.02105263158,0.810256410256,1.96315789474,1.80512820513,0.921052631579,0.815384615385,1.81578947368,1.78974358974,0.921052631579
jellyfish-370sw,C90,13,5,0.115789473684,0.0719298245614,0.027665317139,5500,0.610163;0.836842105263,0.971794871795,0.952631578947,1.02051282051,0.821052631579,0.920512820513,1.11052631579,1.03333333333,0.852631578947,0.95641025641,1.11578947368,1.07948717949,0.889473684211
jellyfish-370sw,MAX_CPU_N,13,7,0.368421052632,0.218893387314,0.117865670092,5720,0.610163;1.27894736842,1.05384615385,0.789473684211,0.838461538462,1.28947368421,1.09487179487,0.873684210526,0.887179487179,1.36842105263,1.12564102564,0.989473684211,0.828205128205,1.32105263158
fattree-661sw,WATERFALL,32,0,0,0,0,37470,114.190853;0,0.984615384615,0.947368421053,0.992307692308,0,0.976923076923,0.947368421053,0.976923076923,0,0.976923076923,0.976315789474,0.992307692308,0,0.982051282051,0,0.991025641026,0,0.923076923077,0.947368421053,0.971794871795,0,0.866666666667,0.973684210526,0.976923076923,0,0.984615384615,0.973684210526,0.971794871795,0,0.887179487179,0.952631578947,0.971794871795,0,0.979487179487,0.952631578947,0.988461538462,0.631578947368,0.984615384615,0.957894736842,0.992307692308,0,0.979487179487,0.947368421053
fattree-661sw,BALANCED,43,22,1.08421052632,0.564593301435,0.288861689106,38920,0.777727;2.05789473684,0.923076923077,1.28421052632,0.484615384615,1.98421052632,0.771794871795,1.10526315789,0.6,2.01052631579,0.825641025641,1.28947368421,0.630769230769,2.08421052632,0.771794871795,1.04210526316,0.6,2.01052631579,0.828205128205,1.34736842105,0.484615384615,1.85789473684,0.884615384615,1.05263157895,0.630769230769,2.08421052632,0.776923076923,1.34736842105,0.484615384615,1.91052631579,0.923076923077,1.04736842105,0.574358974359,1.88421052632,0.887179487179,1.34736842105,0.6,1.43157894737,0.887179487179,1.05263157895,0.6,2.08421052632,0.812820512821,1.10526315789
fattree-661sw,MAX_CPU,42,23,1.15789473684,0.820677110837,0.449418417839,35860,0.777727;0.915789473684,0.812820512821,2.1,1.63333333333,0.915789473684,0.812820512821,1.95789473684,1.66666666667,0.952631578947,0.848717948718,2.15263157895,1.63333333333,0.921052631579,0.84358974359,2.11578947368,1.63333333333,0.989473684211,0.882051282051,2.08421052632,1.63333333333,1.06842105263,0.84358974359,2.15789473684,1.63333333333,0,0.84358974359,2.15263157895,1.69487179487,1.06842105263,0.846153846154,2.13157894737,1.78461538462,0.926315789474,0.810256410256,2.15263157895,1.78205128205,0.847368421053,0.848717948718,2.07368421053,1.63333333333,0.889473684211,0.728205128205,1.93157894737
fattree-661sw,C90,41,6,0.0846153846154,0.0442420152946,0.00647444126263,37670,0.777727;0.921052631579,0.935897435897,0.852631578947,0.938461538462,0.847368421053,0.930769230769,0.963157894737,1.05128205128,0.847368421053,0.966666666667,0.905263157895,0.84358974359,0.921052631579,0.964102564103,1.02631578947,0.84358974359,0.847368421053,0.966666666667,0.963157894737,0.964102564103,0.884210526316,0.964102564103,0,1.08461538462,0.863157894737,0.848717948718,0.852631578947,1.02564102564,0,0.966666666667,0.852631578947,0.94358974359,0.884210526316,0.853846153846,1.02631578947,1.05128205128,0.926315789474,0.964102564103,0.963157894737,0.817948717949,0.926315789474,0.851282051282,0.910526315789
fattree-661sw,MAX_CPU_N,43,19,0.536842105263,0.23442716102,0.103584094404,36820,0.777727;1.27368421053,0.966666666667,0.831578947368,0.75641025641,1.37894736842,0.966666666667,0.773684210526,0.75641025641,1.45789473684,1.11025641026,0.957894736842,0.75641025641,1.03157894737,1.07948717949,0.784210526316,0.75641025641,1.35263157895,0.966666666667,0.778947368421,0.75641025641,1.31578947368,0.971794871795,1.02631578947,0.766666666667,1.53684210526,1.08461538462,0.894736842105,0.64358974359,1.31578947368,1.07948717949,1.02631578947,0.612820512821,1.45789473684,0.935897435897,0.957894736842,0.75641025641,1.37894736842,1.07948717949,0.715789473684,0.64358974359,1.35789473684,1.11025641026,0.894736842105
jellyfish-390sw,WATERFALL,10,4,0.00512820512821,0.00352564102564,0.00141025641026,5560,39.016650;0,1.00512820513,0.971052631579,0.988461538462,0,1.00256410256,0.847368421053,0.985897435897,0,1.0,0.981578947368,1.00128205128,0,1.00512820513
jellyfish-390sw,BALANCED,14,7,1.02631578947,0.669172932331,0.334586466165,6140,0.709822;1.98421052632,0.830769230769,1.37894736842,0.582051282051,1.94736842105,0.882051282051,1.18947368421,0.582051282051,1.91578947368,0.864102564103,1.24210526316,0.528205128205,2.02631578947,0.825641025641
jellyfish-390sw,MAX_CPU,14,6,1.06315789474,0.89098065677,0.381848852901,5920,0.709822;0.894736842105,0.812820512821,1.95789473684,1.82307692308,0.836842105263,0.774358974359,2.06315789474,1.79743589744,0.878947368421,0.848717948718,1.96842105263,1.7358974359,0.826315789474,0.812820512821
jellyfish-390sw,C90,14,5,0.0717948717949,0.0320377867746,0.0114420667052,5870,0.709822;0.826315789474,0.889743589744,1.01578947368,1.02820512821,0.8,0.964102564103,1.03157894737,1.07179487179,0.968421052632,0.897435897436,0.926315789474,1.01282051282,0.742105263158,0.948717948718
jellyfish-390sw,MAX_CPU_N,14,8,0.378947368421,0.180617408907,0.103209947947,6040,0.709822;1.35263157895,1.06666666667,0.963157894737,0.846153846154,1.16842105263,1.02820512821,0.831578947368,0.753846153846,1.35263157895,1.02307692308,0.847368421053,0.712820512821,1.37894736842,1.07435897436
jellyfish-410sw,WATERFALL,11,3,0.00769230769231,0.00598290598291,0.0016317016317,5970,36.381712;0,0.997435897436,0.992105263158,0.99358974359,0,1.00512820513,0.857894736842,1.00769230769,0,0.982051282051,0.768421052632,1.0,0,1.00512820513,0.976315789474
jellyfish-410sw,BALANCED,15,8,0.984210526316,0.584210526316,0.311578947368,6640,0.624936;1.88421052632,0.815384615385,1.23684210526,0.558974358974,1.96842105263,0.779487179487,1.17368421053,0.546153846154,1.98421052632,0.864102564103,1.23684210526,0.620512820513,1.93684210526,0.841025641026,1.25263157895
jellyfish-410sw,MAX_CPU,15,7,1.0,0.865683439368,0.403985605038,6420,0.624936;0.921052631579,0.789743589744,1.99473684211,1.79230769231,0.915789473684,0.812820512821,2.0,1.68717948718,0.868421052632,0.828205128205,1.88421052632,1.74871794872,0.878947368421,0.787179487179,1.95263157895
jellyfish-410sw,C90,15,5,0.0589743589744,0.0368151147099,0.0122717049033,6290,0.624936;0.826315789474,0.907692307692,0.936842105263,1.05897435897,0.836842105263,0.935897435897,1.04736842105,1.02820512821,0.836842105263,0.933333333333,0.963157894737,1.01794871795,0.821052631579,0.894871794872,1.03157894737
jellyfish-410sw,MAX_CPU_N,15,8,0.326315789474,0.191632928475,0.10220422852,6460,0.624936;1.27368421053,1.12307692308,0.878947368421,0.782051282051,1.32631578947,1.04358974359,0.847368421053,0.720512820513,1.30526315789,1.16153846154,0.789473684211,0.776923076923,1.18421052632,1.11538461538,0.815789473684
jellyfish-570sw,WATERFALL,16,5,0.00769230769231,0.00461538461538,0.00144230769231,9270,27.145955;0,1.00769230769,0.981578947368,1.00512820513,0,0.989743589744,0.992105263158,1.00128205128,0,0.989743589744,0.992105263158,1.00128205128,1.0,1.00769230769,0.992105263158,0.996153846154,0.963157894737,0.994871794872,0.997368421053
jellyfish-570sw,BALANCED,19,10,1.08421052632,0.692631578947,0.364542936288,9310,0.622023;2.06842105263,0.915384615385,1.45263157895,0.723076923077,2.08421052632,0.866666666667,1.33684210526,0.623076923077,1.99473684211,0.951282051282,1.24210526316,0.584615384615,2.08421052632,0.871794871795,1.32631578947,0.625641025641,2.04210526316,0.933333333333,1.29473684211
jellyfish-570sw,MAX_CPU,19,10,1.22631578947,0.916680161943,0.482463243128,9030,0.622023;0.973684210526,0.894871794872,2.07894736842,1.85128205128,0.878947368421,0.884615384615,2.1,1.86666666667,0.984210526316,0.833333333333,2.16315789474,1.85384615385,1.04210526316,0.846153846154,2.22631578947,1.78974358974,0.921052631579,0.841025641026,2.19473684211
jellyfish-570sw,C90,19,11,0.133333333333,0.0572935836094,0.0331699694581,9010,0.622023;0.942105263158,1.02820512821,1.06315789474,1.13333333333,0.868421052632,0.992307692308,0.989473684211,1.10256410256,0.894736842105,0.982051282051,1.05263157895,1.0641025641,0.921052631579,1.03076923077,1.04736842105,1.02820512821,0.889473684211,1.0641025641,1.01578947368
jellyfish-570sw,MAX_CPU_N,19,13,0.426315789474,0.213069656389,0.14578450174,9110,0.622023;1.42631578947,1.13076923077,1.02105263158,0.830769230769,1.42631578947,1.16666666667,1.00526315789,0.864102564103,1.37368421053,1.14358974359,1.0,0.761538461538,1.39473684211,1.15897435897,0.873684210526,0.833333333333,1.35789473684,1.14358974359,1.02105263158
jellyfish-470sw,WATERFALL,12,3,0.00769230769231,0.00512820512821,0.00128205128205,6880,55.495765;0,0.958974358974,0.813157894737,0.992307692308,0,0.976923076923,0.889473684211,0.996153846154,0,1.00769230769,0.994736842105,0.998717948718,0,1.00512820513,0.952631578947,1.00256410256
jellyfish-470sw,BALANCED,16,8,1.12105263158,0.677631578947,0.338815789474,7630,0.636985;2.01578947368,0.889743589744,1.29473684211,0.584615384615,1.97894736842,0.866666666667,1.38421052632,0.664102564103,2.12105263158,0.882051282051,1.27368421053,0.607692307692,2.07894736842,0.915384615385,1.27368421053,0.594871794872
jellyfish-470sw,MAX_CPU,16,8,1.08947368421,0.907591093117,0.453795546559,7350,0.636985;0.894736842105,0.794871794872,1.98947368421,1.79487179487,0.894736842105,0.794871794872,2.06315789474,1.77692307692,0.894736842105,0.797435897436,2.02631578947,1.77948717949,0.921052631579,0.774358974359,2.08947368421,1.74102564103
jellyfish-470sw,C90,16,5,0.0717948717949,0.0397840755735,0.0124325236167,7350,0.636985;0.810526315789,0.94358974359,0.989473684211,1.03076923077,0.921052631579,0.917948717949,1.03157894737,1.03846153846,0.873684210526,0.928205128205,0.989473684211,1.0,0.905263157895,0.946153846154,1.02631578947,1.07179487179
jellyfish-470sw,MAX_CPU_N,16,10,0.357894736842,0.172672064777,0.107920040486,7380,0.636985;1.35789473684,1.13076923077,0.947368421053,0.751282051282,1.28947368421,1.08717948718,0.989473684211,0.812820512821,1.33157894737,1.07948717949,1.02105263158,0.789743589744,1.32105263158,1.08717948718,1.02105263158,0.853846153846
fattree-61sw,WATERFALL,2,0,0,0,0,220,3.205126;0,0,0,0.998717948718,0,0.420512820513
fattree-61sw,BALANCED,6,0,0,0,0,820,0.578576;0.868421052632,0.428205128205,0.668421052632,0.248717948718,0.857894736842,0.412820512821
fattree-61sw,MAX_CPU,6,1,0.178947368421,0.178947368421,0.0298245614035,680,0.578576;0.521052631579,0.369230769231,1.17894736842,0.894871794872,0.521052631579,0.382051282051
fattree-61sw,C90,6,0,0,0,0,730,0.578576;0.442105263158,0.489743589744,0.442105263158,0.482051282051,0.442105263158,0.489743589744
fattree-61sw,MAX_CPU_N,6,0,0,0,0,680,0.578576;0.6,0.517948717949,0.447368421053,0.310256410256,0.610526315789,0.576923076923
rocketfuel-631sw,WATERFALL,10,9,0.0897435897436,0.0607362423152,0.0546626180837,4410,28.209410;1.00526315789,1.08974358974,1.02368421053,1.08846153846,1.04210526316,1.07179487179,1.04736842105,1.08846153846,0.952631578947,1.08974358974
rocketfuel-631sw,BALANCED,10,7,1.8,0.816579911317,0.571605937922,4100,0.659827;2.8,1.01538461538,1.65263157895,0.692307692308,2.26315789474,1.17435897436,1.79473684211,0.679487179487,2.01578947368,0.846153846154
rocketfuel-631sw,MAX_CPU,10,8,1.61052631579,0.712010796221,0.569608636977,2740,0.659827;1.28421052632,1.11282051282,2.61052631579,1.94358974359,1.21052631579,1.23846153846,2.44210526316,1.85384615385,0.931578947368,0.938461538462
rocketfuel-631sw,C90,10,9,0.668421052632,0.218878392563,0.196990553306,2230,0.659827;1.15789473684,1.09743589744,0.978947368421,1.05384615385,1.02631578947,1.36666666667,1.66842105263,1.26153846154,1.27368421053,1.0641025641
rocketfuel-631sw,MAX_CPU_N,10,8,0.821052631579,0.375084345479,0.300067476383,3810,0.659827;1.82105263158,1.32051282051,1.12105263158,0.928205128205,1.53684210526,1.59743589744,1.16842105263,0.871794871795,1.37894736842,1.05641025641
rocketfuel-172sw,WATERFALL,3,1,0.0025641025641,0.0025641025641,0.000854700854701,260,7.903617;0,0.966666666667,0,1.0,0,1.00256410256,0
rocketfuel-172sw,BALANCED,7,3,0.347368421053,0.238596491228,0.102255639098,720,0.572824;1.33157894737,0.574358974359,0.763157894737,0.415384615385,1.34736842105,0.564102564103,1.03684210526
rocketfuel-172sw,MAX_CPU,7,3,0.536842105263,0.437516869096,0.187507229612,660,0.572824;0.552631578947,0.630769230769,1.45263157895,1.32307692308,0.689473684211,0.617948717949,1.53684210526
rocketfuel-172sw,C90,7,0,0,0,0,580,0.572824;0.557894736842,0.697435897436,0.573684210526,0.794871794872,0.710526315789,0.753846153846,0.721052631579
rocketfuel-172sw,MAX_CPU_N,7,0,0,0,0,640,0.572824;0.9,0.758974358974,0.589473684211,0.535897435897,0.994736842105,0.810256410256,0.7
jellyfish-170sw,WATERFALL,6,2,0.00512820512821,0.00384615384615,0.00128205128205,2060,9.535153;0,0.930769230769,0,1.00256410256,0,1.00512820513,0,0.980769230769,0,0.94358974359,0.652631578947
jellyfish-170sw,BALANCED,11,4,0.557894736842,0.360526315789,0.131100478469,2740,0.588125;1.42631578947,0.684615384615,0.984210526316,0.474358974359,1.55789473684,0.687179487179,1.00526315789,0.415384615385,1.45263157895,0.712820512821,0.984210526316
jellyfish-170sw,MAX_CPU,11,5,0.694736842105,0.580728744939,0.263967611336,2660,0.588125;0.768421052632,0.65641025641,1.66842105263,1.47179487179,0.768421052632,0.625641025641,1.67894736842,1.38974358974,0.742105263158,0.651282051282,1.69473684211
jellyfish-170sw,C90,11,0,0,0,0,2580,0.588125;0.663157894737,0.8,0.857894736842,0.830769230769,0.663157894737,0.794871794872,0.773684210526,0.792307692308,0.663157894737,0.725641025641,0.757894736842
jellyfish-170sw,MAX_CPU_N,11,1,0.0736842105263,0.0736842105263,0.0066985645933,2700,0.588125;1.07368421053,0.889743589744,0.7,0.589743589744,0.989473684211,0.876923076923,0.694736842105,0.612820512821,0.947368421053,0.910256410256,0.7
jellyfish-530sw,WATERFALL,14,6,0.00897435897436,0.0042735042735,0.0018315018315,8150,51.155653;0,0.992307692308,0.992105263158,1.00897435897,0,0.989743589744,0.992105263158,1.00128205128,0,0.987179487179,0.989473684211,1.00256410256,0,1.00769230769,0.984210526316,1.00256410256,0.905263157895,1.00256410256
jellyfish-530sw,BALANCED,18,9,1.11052631579,0.705263157895,0.352631578947,8650,0.676412;2.08421052632,0.869230769231,1.30526315789,0.623076923077,2.11052631579,0.907692307692,1.19473684211,0.582051282051,2.04736842105,0.864102564103,1.17894736842,0.651282051282,2.1,0.94358974359,1.31578947368,0.651282051282,2.01052631579,0.892307692308
jellyfish-530sw,MAX_CPU,18,8,1.17894736842,0.94576585695,0.420340380867,8260,0.676412;0.957894736842,0.905128205128,2.17894736842,1.85384615385,0.947368421053,0.797435897436,1.98421052632,1.82820512821,0.784210526316,0.810256410256,2.14210526316,1.7641025641,1.0,0.838461538462,1.97368421053,1.84102564103,0.942105263158,0.905128205128
jellyfish-530sw,C90,18,7,0.107692307692,0.0686909581646,0.0267131503974,8290,0.676412;0.842105263158,0.907692307692,0.989473684211,1.10769230769,0.852631578947,0.992307692308,1.08947368421,1.10769230769,0.894736842105,0.946153846154,1.05789473684,1.08717948718,0.852631578947,0.987179487179,1.00526315789,1.02564102564,0.889473684211,0.964102564103
jellyfish-530sw,MAX_CPU_N,18,10,0.421052631579,0.240134952767,0.133408307093,8490,0.676412;1.42105263158,1.09743589744,0.894736842105,0.828205128205,1.38421052632,1.07692307692,0.868421052632,0.84358974359,1.32105263158,1.11538461538,0.873684210526,0.853846153846,1.30526315789,1.11282051282,0.921052631579,0.764102564103,1.42105263158,1.14615384615
fattree-211sw,WATERFALL,7,2,0.00641025641026,0.00641025641026,0.0018315018315,4680,5.866181;0,0.887179487179,0,1.00641025641,0,0.979487179487,0,0.967948717949,0,0.979487179487,0.910526315789,1.00641025641
fattree-211sw,BALANCED,12,5,0.805263157895,0.481052631579,0.200438596491,5550,0.693892;1.59473684211,0.817948717949,1.17894736842,0.417948717949,1.80526315789,0.820512820513,1.07368421053,0.564102564103,1.75263157895,0.792307692308,0.984210526316,0.551282051282
fattree-211sw,MAX_CPU,12,6,1.00526315789,0.701934322987,0.350967161493,5180,0.693892;0.810526315789,0.653846153846,1.85263157895,1.49487179487,0.894736842105,0.653846153846,2.00526315789,1.45897435897,0.894736842105,0.730769230769,1.79473684211,1.60512820513
fattree-211sw,C90,12,0,0,0,0,5270,0.693892;0.810526315789,0.717948717949,0.926315789474,0.769230769231,0.810526315789,0.820512820513,0.863157894737,0.866666666667,0.668421052632,0.894871794872,0.868421052632,0.874358974359
fattree-211sw,MAX_CPU_N,12,4,0.210526315789,0.161740890688,0.0539136302294,5300,0.693892;1.21052631579,0.874358974359,0.8,0.702564102564,1.21052631579,0.94358974359,0.810526315789,0.615384615385,1.21052631579,1.01538461538,0.815789473684,0.635897435897
fattree-125sw,WATERFALL,5,2,0.00897435897436,0.00705128205128,0.00282051282051,1910,4.178828;0,0.95641025641,0,1.00512820513,0,0.602564102564,0,1.00897435897,0,0.95641025641,0
fattree-125sw,BALANCED,11,3,0.305263157895,0.305263157895,0.0832535885167,2300,0.732908;1.30526315789,0.648717948718,0.842105263158,0.34358974359,1.30526315789,0.602564102564,0.905263157895,0.407692307692,1.30526315789,0.648717948718,0.905263157895
fattree-125sw,MAX_CPU,11,5,0.552631578947,0.446963562753,0.203165255797,2570,0.732908;0.715789473684,0.638461538462,1.55263157895,1.23333333333,0.610526315789,0.602564102564,1.55263157895,1.34358974359,0.689473684211,0.538461538462,1.55263157895
fattree-125sw,C90,11,0,0,0,0,2540,0.732908;0.610526315789,0.723076923077,0.710526315789,0.641025641026,0.610526315789,0.692307692308,0.710526315789,0.735897435897,0.689473684211,0.666666666667,0.710526315789
fattree-125sw,MAX_CPU_N,11,0,0,0,0,2430,0.732908;0.947368421053,0.746153846154,0.642105263158,0.466666666667,0.947368421053,0.846153846154,0.647368421053,0.564102564103,0.921052631579,0.776923076923,0.642105263158
rocketfuel-240sw,WATERFALL,3,1,0.00769230769231,0.00769230769231,0.0025641025641,90,4.183480;0,0.933333333333,0.710526315789,1.00769230769
rocketfuel-240sw,BALANCED,4,2,0.747368421053,0.568421052632,0.284210526316,560,0.622313;1.38947368421,0.738461538462,1.74736842105,0.769230769231
rocketfuel-240sw,MAX_CPU,4,2,1.12631578947,0.718286099865,0.359143049933,130,0.622313;0.910526315789,0.933333333333,2.12631578947,1.31025641026
rocketfuel-240sw,C90,4,3,0.194736842105,0.0821862348178,0.0616396761134,220,0.622313;1.02105263158,1.03076923077,1.19473684211,0.758974358974
rocketfuel-240sw,MAX_CPU_N,4,3,0.221052631579,0.0900134952767,0.0675101214575,460,0.622313;1.01052631579,0.84358974359,1.22105263158,1.03846153846
jellyfish-510sw,WATERFALL,14,5,0.00512820512821,0.00462887989204,0.00165317139001,8130,24.953461;0,0.992307692308,0.989473684211,1.00512820513,0,0.992307692308,1.00263157895,1.00512820513,0,1.00512820513,0.984210526316,0.994871794872,1.0,1.00512820513,0.978947368421,0.994871794872,0.963157894737
jellyfish-510sw,BALANCED,17,9,1.12105263158,0.756140350877,0.400309597523,8300,0.653428;1.92631578947,0.871794871795,1.46315789474,0.584615384615,2.05789473684,0.879487179487,1.41052631579,0.64358974359,2.01578947368,0.9,1.37894736842,0.651282051282,2.05263157895,0.889743589744,1.37894736842,0.653846153846,2.12105263158
jellyfish-510sw,MAX_CPU,17,8,1.16315789474,0.990131578947,0.465944272446,7970,0.653428;0.931578947368,0.85641025641,2.14736842105,1.83846153846,0.852631578947,0.917948717949,2.16315789474,1.74358974359,0.921052631579,0.823076923077,2.11578947368,1.84358974359,0.942105263158,0.830769230769,2.09473684211,1.97435897436,0.915789473684
jellyfish-510sw,C90,17,8,0.192307692308,0.0732793522267,0.0344844010479,7960,0.653428;0.863157894737,0.987179487179,1.02105263158,1.08205128205,0.863157894737,1.01282051282,1.13157894737,1.12051282051,0.894736842105,0.997435897436,1.01052631579,1.19230769231,0.889473684211,0.984615384615,0.994736842105,1.01538461538,0.852631578947
jellyfish-510sw,MAX_CPU_N,17,10,0.468421052632,0.273049932524,0.160617607367,8070,0.653428;1.42631578947,1.13076923077,0.868421052632,0.892307692308,1.43684210526,1.18717948718,0.973684210526,0.794871794872,1.46842105263,1.15641025641,1.02631578947,0.810256410256,1.38421052632,1.06666666667,0.894736842105,0.879487179487,1.44736842105
fattree-361sw,WATERFALL,17,4,0.00512820512821,0.00354251012146,0.000833531793284,12170,26.391543;0,0.887179487179,0.947368421053,1.00384615385,0,0.879487179487,0.947368421053,1.00512820513,0,0.848717948718,0.876315789474,1.00256410256,0,0.915384615385,0.810526315789,0.971794871795,0,0.928205128205,0,1.0,0,0.887179487179,1.00263157895,0.952564102564
fattree-361sw,BALANCED,24,12,1.0,0.569298245614,0.284649122807,12960,0.686964;1.98421052632,0.797435897436,1.08947368421,0.510256410256,1.98421052632,0.851282051282,1.21578947368,0.566666666667,1.83684210526,0.805128205128,1.22105263158,0.474358974359,1.98947368421,0.848717948718,1.21052631579,0.564102564103,2.0,0.761538461538,1.21052631579,0.474358974359,2.0,0.848717948718,1.08947368421,0.569230769231
fattree-361sw,MAX_CPU,24,12,0.984210526316,0.801540710751,0.400770355376,13680,0.686964;0.852631578947,0.769230769231,1.98421052632,1.7358974359,0.842105263158,0.712820512821,1.97894736842,1.6,0.926315789474,0.807692307692,1.97894736842,1.61794871795,0.910526315789,0.805128205128,1.91052631579,1.63333333333,0.826315789474,0.769230769231,1.98421052632,1.63333333333,0.831578947368,0.805128205128,1.98421052632,1.57692307692
fattree-361sw,C90,23,0,0,0,0,13160,0.686964;0.831578947368,0.897435897436,0.957894736842,0.830769230769,0.878947368421,0.930769230769,0.773684210526,0.964102564103,0,0.894871794872,0.957894736842,0.907692307692,0.694736842105,0.889743589744,0.957894736842,0.833333333333,0.878947368421,0.930769230769,0.957894736842,0.833333333333,0.8,0.889743589744,0.957894736842,0.864102564103
fattree-361sw,MAX_CPU_N,23,9,0.457894736842,0.290223421802,0.113565686792,12990,0.686964;1.45789473684,1.01794871795,0,0.728205128205,1.45789473684,1.05128205128,0.889473684211,0.630769230769,1.45789473684,0.951282051282,0.957894736842,0.723076923077,1.37368421053,0.948717948718,0.826315789474,0.628205128205,1.37368421053,1.07435897436,0.889473684211,0.723076923077,1.34736842105,0.951282051282,0.889473684211,0.723076923077
jellyfish-630sw,WATERFALL,17,7,0.00769230769231,0.00514748409485,0.00211955227435,9980,74.498157;0,1.00769230769,1.00263157895,0.994871794872,0,0.974358974359,0.981578947368,1.00641025641,0,0.979487179487,0.984210526316,1.00769230769,0.989473684211,0.989743589744,0.984210526316,1.00641025641,0.963157894737,0.987179487179,1.00263157895,1.00256410256
jellyfish-630sw,BALANCED,20,10,1.27368421053,0.784210526316,0.392105263158,10270,0.673413;2.18421052632,0.951282051282,1.31578947368,0.651282051282,2.15789473684,0.961538461538,1.39473684211,0.620512820513,2.27368421053,0.941025641026,1.48947368421,0.646153846154,2.13157894737,0.894871794872,1.5,0.753846153846,2.10526315789,0.915384615385,1.28947368421,0.635897435897
jellyfish-630sw,MAX_CPU,20,10,1.2,0.990998650472,0.495499325236,10030,0.673413;1.0,0.851282051282,2.10526315789,1.81282051282,1.0,0.871794871795,2.2,1.9,0.973684210526,0.84358974359,2.05263157895,1.81538461538,0.963157894737,0.864102564103,2.05789473684,1.85641025641,0.989473684211,0.912820512821,2.17368421053,1.9358974359
jellyfish-630sw,C90,20,13,0.236842105263,0.0931900757812,0.0605735492578,9950,0.673413;0.863157894737,0.928205128205,1.07368421053,1.12820512821,0.826315789474,1.00769230769,1.14736842105,1.17179487179,0.842105263158,1.03333333333,1.03684210526,1.09230769231,0.836842105263,1.01538461538,1.23684210526,1.05641025641,0.842105263158,0.976923076923,1.05263157895,1.15897435897
jellyfish-630sw,MAX_CPU_N,20,12,0.452631578947,0.249156545209,0.149493927126,10210,0.673413;1.45263157895,1.1641025641,1.04210526316,0.920512820513,1.43684210526,1.18974358974,1.05789473684,0.897435897436,1.45263157895,1.09487179487,0.931578947368,0.797435897436,1.44210526316,1.21538461538,0.957894736842,0.907692307692,1.32105263158,1.12051282051,0.957894736842,0.915384615385
jellyfish-50sw,WATERFALL,2,0,0,0,0,180,1.736065;0,0,0,0.989743589744,0,0.307692307692
jellyfish-50sw,BALANCED,6,0,0,0,0,760,0.605530;0.868421052632,0.438461538462,0.536842105263,0.246153846154,0.805263157895,0.384615384615
jellyfish-50sw,MAX_CPU,6,1,0.110526315789,0.110526315789,0.0184210526316,740,0.605530;0.389473684211,0.425641025641,1.11052631579,0.8,0.415789473684,0.415384615385
jellyfish-50sw,C90,6,0,0,0,0,730,0.605530;0.389473684211,0.471794871795,0.526315789474,0.461538461538,0.326315789474,0.461538461538
jellyfish-50sw,MAX_CPU_N,6,0,0,0,0,750,0.605530;0.531578947368,0.528205128205,0.447368421053,0.307692307692,0.557894736842,0.525641025641
fattree-451sw,WATERFALL,23,0,0,0,0,21330,17.992977;0,0.971794871795,0.963157894737,0.979487179487,0,0.969230769231,0.963157894737,0.978205128205,0,0.958974358974,0.955263157895,0.987179487179,0,0.971794871795,0.907894736842,0.973076923077,0,0.830769230769,0.936842105263,0.985897435897,0,0.935897435897,0,0.985897435897,0,0.964102564103,0,0.980769230769,0,0.964102564103,0.581578947368,0.974358974359,0,0.969230769231
fattree-451sw,BALANCED,34,13,0.952631578947,0.663967611336,0.25386996904,22960,0.687961;1.73684210526,0.802564102564,1.23684210526,0.574358974359,1.82105263158,0.802564102564,0.989473684211,0.546153846154,1.83157894737,0.830769230769,0.989473684211,0.548717948718,1.83157894737,0.866666666667,1.24210526316,0.576923076923,1.95263157895,0.730769230769,1.11578947368,0.574358974359,1.92105263158,0.820512820513,1.16842105263,0.54358974359,1.92105263158,0.769230769231,0.984210526316,0.574358974359,1.93157894737,0.728205128205,0.984210526316,0.541025641026,1.92105263158,0.828205128205
fattree-451sw,MAX_CPU,34,16,1.01052631579,0.783552631579,0.368730650155,21000,0.687961;0.878947368421,0.776923076923,2.01052631579,1.67435897436,0.878947368421,0.776923076923,2.01052631579,1.57435897436,0.884210526316,0.776923076923,2.01052631579,1.6,0.884210526316,0.779487179487,2.01052631579,1.5641025641,0.878947368421,0.684615384615,1.9,1.7358974359,0.663157894737,0.779487179487,1.80526315789,1.64871794872,0.815789473684,0.810256410256,1.83157894737,1.73846153846,0.9,0.810256410256,1.75789473684,1.6641025641,0.826315789474,0.812820512821
fattree-451sw,C90,33,0,0,0,0,21520,0.687961;0.757894736842,0.912820512821,0.952631578947,0.910256410256,0.805263157895,0.820512820513,0.952631578947,0.907692307692,0.763157894737,0.915384615385,0.952631578947,0.820512820513,0.852631578947,0.876923076923,0.957894736842,0.787179487179,0.842105263158,0.820512820513,0.831578947368,0.971794871795,0,0.817948717949,0.831578947368,0.94358974359,0.773684210526,0.902564102564,0.836842105263,0.976923076923,0.784210526316,0.905128205128,0.763157894737,0.882051282051,0.857894736842,0.84358974359
fattree-451sw,MAX_CPU_N,34,12,0.442105263158,0.207073774179,0.073084861475,21250,0.687961;1.31052631579,0.94358974359,0.884210526316,0.715384615385,1.26842105263,1.02820512821,0.815789473684,0.712820512821,1.28421052632,0.910256410256,0.810526315789,0.712820512821,1.12105263158,0.946153846154,0.810526315789,0.712820512821,1.26842105263,0.910256410256,0.757894736842,0.748717948718,1.26842105263,0.94358974359,0.752631578947,0.717948717949,1.35263157895,0.997435897436,0.689473684211,0.597435897436,1.44210526316,1.03846153846,0.884210526316,0.723076923077,1.09473684211,1.00769230769
jellyfish-110sw,WATERFALL,3,0,0,0,0,1160,6.223222;0,0.946153846154,0,0.978205128205,0,0,0,0.987179487179
jellyfish-110sw,BALANCED,8,2,0.278947368421,0.252631578947,0.0631578947368,1720,0.612193;1.27894736842,0.661538461538,0.936842105263,0.384615384615,1.22631578947,0.607692307692,1.0,0.382051282051
jellyfish-110sw,MAX_CPU,8,4,0.436842105263,0.312483130904,0.156241565452,1630,0.612193;0.663157894737,0.566666666667,1.43684210526,1.25384615385,0.557894736842,0.569230769231,1.41052631579,1.14871794872
jellyfish-110sw,C90,8,0,0,0,0,1600,0.612193;0.610526315789,0.674358974359,0.636842105263,0.697435897436,0.626315789474,0.65641025641,0.636842105263,0.646153846154
jellyfish-110sw,MAX_CPU_N,8,0,0,0,0,1640,0.612193;0.947368421053,0.810256410256,0.663157894737,0.515384615385,0.894736842105,0.735897435897,0.584210526316,0.533333333333
jellyfish-270sw,WATERFALL,7,1,0.00384615384615,0.00384615384615,0.000549450549451,3530,6.515837;0,0.976923076923,0,1.00384615385,0,0.902564102564,0.984210526316,1.0,0,0.989743589744,0.981578947368
jellyfish-270sw,BALANCED,11,6,0.757894736842,0.442105263158,0.241148325359,4170,0.626551;1.74210526316,0.779487179487,1.2,0.451282051282,1.74736842105,0.8,1.08947368421,0.489743589744,1.75789473684,0.761538461538,1.11578947368
jellyfish-270sw,MAX_CPU,11,5,0.921052631579,0.774979757085,0.352263525948,3960,0.626551;0.810526315789,0.774358974359,1.92105263158,1.67435897436,0.768421052632,0.725641025641,1.88947368421,1.57948717949,0.836842105263,0.687179487179,1.81052631579
jellyfish-270sw,C90,11,0,0,0,0,4030,0.626551;0.821052631579,0.879487179487,0.884210526316,0.948717948718,0.731578947368,0.905128205128,0.942105263158,0.935897435897,0.752631578947,0.851282051282,0.868421052632
jellyfish-270sw,MAX_CPU_N,11,4,0.215789473684,0.141632928475,0.0515028830818,4080,0.626551;1.21578947368,0.958974358974,0.768421052632,0.741025641026,1.15263157895,1.07179487179,0.778947368421,0.7,1.12631578947,0.961538461538,0.805263157895
jellyfish-350sw,WATERFALL,9,1,0.00512820512821,0.00512820512821,0.000569800569801,4780,32.713022;0,1.00512820513,0.984210526316,0.985897435897,0,1.0,0.915789473684,0.983333333333,0,0.992307692308,0.760526315789,0.994871794872
jellyfish-350sw,BALANCED,12,6,1.09473684211,0.69298245614,0.34649122807,5340,0.638252;2.09473684211,0.810256410256,1.22105263158,0.630769230769,1.99473684211,0.905128205128,1.31052631579,0.605128205128,2.09473684211,0.871794871795,1.44210526316,0.597435897436
jellyfish-350sw,MAX_CPU,12,6,1.10526315789,0.903666216824,0.451833108412,5120,0.638252;0.852631578947,0.794871794872,2.09473684211,1.77948717949,0.842105263158,0.864102564103,2.10526315789,1.72820512821,0.863157894737,0.805128205128,2.05789473684,1.65641025641
jellyfish-350sw,C90,12,3,0.0538461538462,0.0333783175888,0.00834457939721,5100,0.638252;0.863157894737,0.964102564103,0.984210526316,1.05384615385,0.810526315789,0.966666666667,0.921052631579,1.04102564103,0.810526315789,0.95641025641,1.00526315789,0.994871794872
jellyfish-350sw,MAX_CPU_N,12,6,0.347368421053,0.199145299145,0.0995726495726,5160,0.638252;1.28947368421,1.01538461538,0.810526315789,0.846153846154,1.34736842105,1.14102564103,0.931578947368,0.828205128205,1.26315789474,1.13846153846,0.952631578947,0.830769230769
jellyfish-210sw,WATERFALL,7,3,0.00769230769231,0.00512820512821,0.0021978021978,2720,5.950100;0,0.987179487179,0,1.00256410256,0,0.982051282051,0,1.00769230769,0,0.923076923077,0.3,1.00512820513
jellyfish-210sw,BALANCED,12,5,0.747368421053,0.489473684211,0.203947368421,3420,0.616192;1.72105263158,0.761538461538,0.947368421053,0.458974358974,1.71052631579,0.769230769231,1.15789473684,0.517948717949,1.74736842105,0.769230769231,1.11052631579,0.474358974359
jellyfish-210sw,MAX_CPU,12,6,0.731578947368,0.597076023392,0.298538011696,3320,0.616192;0.794736842105,0.710256410256,1.70526315789,1.54871794872,0.752631578947,0.692307692308,1.73157894737,1.48717948718,0.794736842105,0.710256410256,1.67894736842,1.43076923077
jellyfish-210sw,C90,12,0,0,0,0,3270,0.616192;0.742105263158,0.797435897436,0.831578947368,0.841025641026,0.794736842105,0.817948717949,0.784210526316,0.871794871795,0.726315789474,0.802564102564,0.842105263158,0.776923076923
jellyfish-210sw,MAX_CPU_N,12,3,0.115789473684,0.0912280701754,0.0228070175439,3330,0.616192;1.08421052632,0.958974358974,0.763157894737,0.612820512821,1.11578947368,0.915384615385,0.810526315789,0.638461538462,1.07368421053,0.992307692308,0.831578947368,0.679487179487
jellyfish-590sw,WATERFALL,15,2,0.00263157894737,0.00259784075574,0.000346378767431,9130,26.785894;0,1.0,1.00263157895,1.0,0,0.984615384615,0.989473684211,0.974358974359,0,0.994871794872,0.960526315789,1.00256410256,0,0.969230769231,0.955263157895,0.978205128205,0,0.992307692308,0.918421052632,0.953846153846
jellyfish-590sw,BALANCED,20,10,1.16315789474,0.706842105263,0.353421052632,9770,0.659150;1.98947368421,0.833333333333,1.37894736842,0.610256410256,2.08421052632,0.907692307692,1.34736842105,0.576923076923,2.05263157895,0.879487179487,1.39473684211,0.630769230769,1.99473684211,0.889743589744,1.35263157895,0.623076923077,2.16315789474,0.884615384615,1.31052631579,0.592307692308
jellyfish-590sw,MAX_CPU,20,10,1.11052631579,0.89383265857,0.446916329285,9460,0.659150;0.878947368421,0.807692307692,1.94210526316,1.78205128205,0.921052631579,0.802564102564,2.11052631579,1.75641025641,0.905263157895,0.823076923077,2.00526315789,1.74615384615,0.863157894737,0.815384615385,2.04736842105,1.86923076923,0.863157894737,0.835897435897,1.88947368421,1.78974358974
jellyfish-590sw,C90,20,6,0.0820512820513,0.0505847953216,0.0151754385965,9580,0.659150;0.863157894737,0.935897435897,1.01578947368,1.07948717949,0.9,0.997435897436,0.989473684211,1.04615384615,0.942105263158,0.946153846154,0.973684210526,1.05897435897,0.826315789474,0.920512820513,1.02105263158,1.08205128205,0.794736842105,0.946153846154,0.957894736842,0.971794871795
jellyfish-590sw,MAX_CPU_N,20,10,0.410526315789,0.206707152497,0.103353576248,9580,0.659150;1.41052631579,1.11282051282,0.868421052632,0.8,1.34210526316,1.14358974359,0.942105263158,0.830769230769,1.22105263158,1.11282051282,0.957894736842,0.846153846154,1.28947368421,1.07179487179,0.989473684211,0.887179487179,1.25263157895,1.11025641026,0.973684210526,0.792307692308
jellyfish-650sw,WATERFALL,19,6,0.00769230769231,0.00512820512821,0.00161943319838,10320,44.609298;0,1.00769230769,0.963157894737,0.996153846154,0,1.00769230769,0.976315789474,1.00384615385,0.984210526316,0.882051282051,0.992105263158,1.00128205128,0.742105263158,1.00769230769,0.997368421053,1.00256410256,1.0,0.987179487179,0.992105263158,0.992307692308,0.984210526316
jellyfish-650sw,BALANCED,21,11,1.26315789474,0.789473684211,0.413533834586,10720,0.683719;2.08421052632,0.892307692308,1.23684210526,0.628205128205,2.07368421053,0.969230769231,1.4,0.615384615385,2.12631578947,0.933333333333,1.46842105263,0.646153846154,2.13157894737,0.95641025641,1.47894736842,0.679487179487,2.03684210526,0.861538461538,1.38421052632,0.684615384615,2.26315789474
jellyfish-650sw,MAX_CPU,21,12,1.21578947368,0.843106162843,0.481774950196,10400,0.683719;0.984210526316,0.915384615385,2.09473684211,1.87179487179,0.910526315789,0.882051282051,2.13684210526,2.01282051282,0.963157894737,0.889743589744,2.06315789474,1.84102564103,1.02631578947,0.892307692308,2.12631578947,1.82051282051,1.01052631579,0.8,2.21578947368,1.89743589744,0.973684210526
jellyfish-650sw,C90,21,10,0.231578947368,0.127840755735,0.0608765503502,10350,0.683719;0.968421052632,0.982051282051,1.05789473684,1.11282051282,0.931578947368,0.94358974359,1.11052631579,1.15384615385,0.889473684211,0.920512820513,1.04736842105,1.1358974359,0.889473684211,0.974358974359,1.11052631579,1.2,0.878947368421,1.0,1.23157894737,1.11794871795,0.931578947368
jellyfish-650sw,MAX_CPU_N,21,12,0.478947368421,0.294871794872,0.168498168498,10500,0.683719;1.43684210526,1.28974358974,0.989473684211,0.820512820513,1.46315789474,1.22051282051,0.9,0.9,1.4,1.22564102564,0.826315789474,0.871794871795,1.4,1.15641025641,0.957894736842,0.879487179487,1.47894736842,1.14615384615,1.02631578947,0.823076923077,1.29473684211
fattree-45sw,WATERFALL,2,0,0,0,0,230,1.735383;0,0,0,0.965384615385,0,0,0,0.589743589744,0
fattree-45sw,BALANCED,9,0,0,0,0,610,0.575681;0.789473684211,0.315384615385,0.505263157895,0.210256410256,0.763157894737,0.423076923077,0.505263157895,0.210256410256,0.742105263158
fattree-45sw,MAX_CPU,7,0,0,0,0,490,0.575681;0,0.423076923077,0.931578947368,0.848717948718,0.326315789474,0.374358974359,0.931578947368,0.825641025641,0
fattree-45sw,C90,8,0,0,0,0,530,0.575681;0,0.423076923077,0.421052631579,0.407692307692,0.431578947368,0.441025641026,0.421052631579,0.407692307692,0.3
fattree-45sw,MAX_CPU_N,9,0,0,0,0,600,0.575681;0.326315789474,0.451282051282,0.421052631579,0.292307692308,0.557894736842,0.502564102564,0.421052631579,0.292307692308,0.557894736842
fattree-605sw,WATERFALL,28,0,0,0,0,31220,97.044223;0,0.992307692308,0.931578947368,0.984615384615,0,0.910256410256,0.978947368421,1.0,0,0.933333333333,0.978947368421,0.929487179487,0,0.992307692308,0.963157894737,0.994871794872,0,0.992307692308,0.9,0.975641025641,0,0.992307692308,0.728947368421,1.0,0,0.938461538462,0.913157894737,0.917948717949,0,0.992307692308,0.978947368421,0.975641025641,0,0.992307692308,0.813157894737,0.994871794872,0,0.992307692308
fattree-605sw,BALANCED,38,19,1.12105263158,0.616620498615,0.308310249307,32580,0.741643;1.83157894737,0.789743589744,1.25789473684,0.615384615385,2.12105263158,0.858974358974,1.31578947368,0.474358974359,1.89473684211,0.848717948718,1.31578947368,0.615384615385,1.83157894737,0.902564102564,1.02631578947,0.615384615385,2.12105263158,0.761538461538,1.31578947368,0.502564102564,1.83157894737,0.866666666667,1.31578947368,0.615384615385,2.12105263158,0.871794871795,1.08421052632,0.502564102564,1.83157894737,0.84358974359,1.31578947368,0.474358974359,1.96315789474,0.902564102564,1.25789473684,0.617948717949,1.96315789474,0.797435897436
fattree-605sw,MAX_CPU,37,18,1.12105263158,0.903943619733,0.439756355546,31940,0.741643;0.894736842105,0.835897435897,2.12105263158,1.64871794872,0.994736842105,0.8,2.05789473684,1.64871794872,0.894736842105,0.717948717949,1.98947368421,1.86923076923,0.957894736842,0.830769230769,2.12105263158,1.60512820513,0.894736842105,0.830769230769,2.12105263158,1.75897435897,0,0.858974358974,2.12105263158,1.69743589744,0.957894736842,0.858974358974,2.12105263158,1.74615384615,0.894736842105,0.830769230769,2.12105263158,1.75897435897,0.931578947368,0.717948717949,1.89473684211,1.86923076923,0.931578947368,0.717948717949
fattree-605sw,C90,37,7,0.0631578947368,0.0250819356083,0.00474523106102,31700,0.741643;0.894736842105,0.920512820513,1.00526315789,0.858974358974,0.826315789474,0.948717948718,1.00526315789,0.802564102564,0.894736842105,0.802564102564,0.831578947368,1.02820512821,0.957894736842,0.94358974359,0.836842105263,0.94358974359,0.894736842105,0.94358974359,1.00526315789,0.887179487179,0.957894736842,0.94358974359,1.06315789474,0.94358974359,0,0.94358974359,1.06315789474,0.94358974359,0.868421052632,0.94358974359,1.00526315789,0.94358974359,0.894736842105,0.835897435897,0.831578947368,0.915384615385,0.826315789474,0.94358974359
fattree-605sw,MAX_CPU_N,38,15,0.473684210526,0.256950067476,0.101427658214,32460,0.741643;1.31052631579,0.946153846154,0.942105263158,0.769230769231,1.40526315789,1.12051282051,0.763157894737,0.741025641026,1.28421052632,1.00769230769,0.936842105263,0.741025641026,1.28421052632,0.953846153846,0.936842105263,0.8,1.40526315789,0.953846153846,0.878947368421,0.628205128205,1.37894736842,1.08717948718,0.942105263158,0.630769230769,1.47368421053,0.951282051282,0.936842105263,0.769230769231,1.40526315789,1.05897435897,0.821052631579,0.771794871795,1.28421052632,0.946153846154,0.936842105263,0.769230769231,1.28421052632,1.0641025641
rocketfuel-201sw,WATERFALL,4,1,0.00128205128205,0.00128205128205,0.000320512820513,350,8.816510;0,0.787179487179,0,1.00128205128,0,0.925641025641,0,0.919230769231
rocketfuel-201sw,BALANCED,8,3,0.547368421053,0.322807017544,0.121052631579,790,0.601445;1.54736842105,0.658974358974,1.01052631579,0.505128205128,1.41052631579,0.751282051282,1.0,0.474358974359
rocketfuel-201sw,MAX_CPU,8,4,0.657894736842,0.434986504723,0.217493252362,720,0.601445;0.7,0.610256410256,1.5,1.35897435897,0.621052631579,0.710256410256,1.65789473684,1.22307692308
rocketfuel-201sw,C90,8,0,0,0,0,740,0.601445;0.663157894737,0.720512820513,0.742105263158,0.835897435897,0.663157894737,0.751282051282,0.757894736842,0.805128205128
rocketfuel-201sw,MAX_CPU_N,8,0,0,0,0,750,0.601445;0.957894736842,0.866666666667,0.821052631579,0.615384615385,0.863157894737,0.928205128205,0.689473684211,0.671794871795
jellyfish-450sw,WATERFALL,11,4,0.00512820512821,0.00290148448043,0.00105508526561,6620,9.692487;0,0.946153846154,0,0.996153846154,0,0.989743589744,1.00263157895,1.00256410256,0,0.982051282051,0.997368421053,1.00512820513,0,0.966666666667,0.876315789474,1.00128205128
jellyfish-450sw,BALANCED,16,8,1.03684210526,0.623684210526,0.311842105263,7180,0.597576;1.89473684211,0.835897435897,1.23684210526,0.594871794872,2.03684210526,0.805128205128,1.18947368421,0.582051282051,1.94210526316,0.85641025641,1.33157894737,0.638461538462,1.93157894737,0.879487179487,1.42631578947,0.564102564103
jellyfish-450sw,MAX_CPU,16,8,0.994736842105,0.820074224022,0.410037112011,7030,0.597576;0.852631578947,0.794871794872,1.99473684211,1.64358974359,0.868421052632,0.75641025641,1.86315789474,1.63076923077,0.9,0.766666666667,1.91578947368,1.72820512821,0.863157894737,0.8,1.98947368421,1.79487179487
jellyfish-450sw,C90,16,3,0.0435897435897,0.0303193882141,0.00568488529015,6970,0.597576;0.715789473684,0.892307692308,1.01052631579,1.0,0.731578947368,0.892307692308,0.9,0.984615384615,0.794736842105,0.951282051282,0.984210526316,1.04358974359,0.810526315789,0.946153846154,1.03684210526,0.997435897436
jellyfish-450sw,MAX_CPU_N,16,8,0.363157894737,0.183012820513,0.0915064102564,7090,0.597576;1.27894736842,1.0641025641,0.942105263158,0.746153846154,1.27368421053,1.01538461538,0.842105263158,0.789743589744,1.36315789474,1.11282051282,0.9,0.802564102564,1.28421052632,1.07179487179,0.931578947368,0.764102564103
fattree-500sw,WATERFALL,21,0,0,0,0,22400,73.693518;0,0.976923076923,0.989473684211,0.978205128205,0,0.941025641026,0.976315789474,0.978205128205,0,0.976923076923,0.926315789474,0.984615384615,0,0.976923076923,0.976315789474,0.984615384615,0,0.920512820513,0.976315789474,0.984615384615,0,0.976923076923,0.976315789474,0.99358974359,0,0.976923076923,0.792105263158,0.974358974359,0
fattree-500sw,BALANCED,29,14,1.12105263158,0.628947368421,0.303629764065,21910,0.700742;2.12105263158,0.751282051282,1.3,0.607692307692,1.92105263158,0.897435897436,1.3,0.607692307692,1.79473684211,0.897435897436,1.01052631579,0.466666666667,2.12105263158,0.897435897436,1.3,0.607692307692,2.12105263158,0.866666666667,1.3,0.494871794872,1.79473684211,0.897435897436,1.3,0.607692307692,0.789473684211,0.897435897436,1.3,0.494871794872,2.12105263158
fattree-500sw,MAX_CPU,29,15,1.11052631579,0.832964462438,0.430843687468,21960,0.700742;0.884210526316,0.710256410256,2.11052631579,1.68717948718,0.884210526316,0.825641025641,2.11052631579,1.68717948718,0.884210526316,0.825641025641,2.11052631579,1.69743589744,0.921052631579,0.825641025641,2.11052631579,1.62564102564,0.984210526316,0.825641025641,2.11052631579,1.72820512821,0.884210526316,0.710256410256,2.11052631579,1.65641025641,0.984210526316,0.825641025641,1.90526315789,1.72820512821,1.11578947368
fattree-500sw,C90,29,5,0.0684210526316,0.0452631578947,0.00780399274047,21860,0.700742;0.889473684211,0.823076923077,0.952631578947,0.935897435897,0.852631578947,0.933333333333,1.01052631579,0.848717948718,0.889473684211,0.964102564103,1.06842105263,0.848717948718,0.889473684211,0.989743589744,1.06842105263,0.823076923077,0.889473684211,0.933333333333,1.01052631579,0.851282051282,0.889473684211,0.823076923077,1.06842105263,0.935897435897,0.952631578947,0.933333333333,0.831578947368,0.935897435897,0.889473684211
fattree-500sw,MAX_CPU_N,28,15,0.431578947368,0.238317588844,0.127670136881,24520,0.700742;1.43157894737,1.13076923077,0.889473684211,0.664102564103,1.33157894737,1.10256410256,0.947368421053,0.664102564103,1.43157894737,1.10256410256,0.773684210526,0.776923076923,1.29473684211,1.07435897436,0.947368421053,0.635897435897,1.43157894737,1.07435897436,0.947368421053,0.776923076923,1.29473684211,1.07179487179,0.947368421053,0.751282051282,1.26842105263,1.10256410256,0,0.751282051282,1.43157894737
fattree-180sw,WATERFALL,8,0,0,0,0,3720,23.146972;0,0.671794871795,0,0.967948717949,0,0.951282051282,0,0.997435897436,0,0.671794871795,0,0.997435897436,0,0.992307692308,0,0.997435897436
fattree-180sw,BALANCED,16,6,0.547368421053,0.352631578947,0.132236842105,4620,0.620730;1.54736842105,0.651282051282,0.894736842105,0.528205128205,1.47894736842,0.723076923077,1.01578947368,0.405128205128,1.51052631579,0.789743589744,0.894736842105,0.423076923077,1.54736842105,0.723076923077,1.01578947368,0.425641025641
fattree-180sw,MAX_CPU,16,8,0.726315789474,0.5165317139,0.25826585695,4510,0.620730;0.794736842105,0.610256410256,1.57894736842,1.3358974359,0.715789473684,0.625641025641,1.72631578947,1.38717948718,0.794736842105,0.620512820513,1.72631578947,1.3358974359,0.794736842105,0.615384615385,1.72631578947,1.31538461538
fattree-180sw,C90,16,0,0,0,0,4730,0.620730;0.673684210526,0.705128205128,0.789473684211,0.707692307692,0.673684210526,0.764102564103,0.668421052632,0.738461538462,0.673684210526,0.705128205128,0.789473684211,0.707692307692,0.715789473684,0.712820512821,0.8,0.8
fattree-180sw,MAX_CPU_N,16,3,0.178947368421,0.178947368421,0.0335526315789,4590,0.620730;1.17894736842,0.869230769231,0.710526315789,0.54358974359,1.17894736842,0.810256410256,0.726315789474,0.569230769231,0.942105263158,0.864102564103,0.710526315789,0.574358974359,1.17894736842,0.810256410256,0.726315789474,0.569230769231
jellyfish-430sw,WATERFALL,12,6,0.00769230769231,0.00405982905983,0.00202991452991,6420,51.424898;0,1.00256410256,0.992105263158,1.00128205128,0,0.997435897436,0.976315789474,1.00384615385,0,1.00769230769,0.963157894737,1.00384615385,0.647368421053,1.00512820513,0.978947368421
jellyfish-430sw,BALANCED,15,8,1.01052631579,0.626973684211,0.334385964912,6880,0.670694;2.01052631579,0.887179487179,1.34210526316,0.628205128205,1.94736842105,0.887179487179,1.28947368421,0.587179487179,1.93157894737,0.866666666667,1.22105263158,0.584615384615,1.95789473684,0.876923076923,1.31578947368
jellyfish-430sw,MAX_CPU,15,7,1.17894736842,0.976036244457,0.455483580747,6600,0.670694;0.836842105263,0.789743589744,2.12631578947,1.80256410256,0.894736842105,0.84358974359,1.98947368421,1.87692307692,0.921052631579,0.820512820513,2.06315789474,1.79487179487,0.957894736842,0.835897435897,2.17894736842
jellyfish-430sw,C90,15,8,0.168421052632,0.0606781376518,0.0323616734143,6630,0.670694;0.873684210526,0.938461538462,1.04736842105,1.0358974359,0.905263157895,1.00512820513,1.16842105263,1.01282051282,0.826315789474,0.920512820513,1.11052631579,1.1,0.889473684211,0.933333333333,1.00526315789
jellyfish-430sw,MAX_CPU_N,15,8,0.426315789474,0.228272604588,0.121745389114,6750,0.670694;1.25263157895,1.1358974359,0.894736842105,0.828205128205,1.42631578947,1.12564102564,0.821052631579,0.848717948718,1.34736842105,1.11794871795,0.931578947368,0.776923076923,1.29473684211,1.12564102564,0.926315789474
fattree-551sw,WATERFALL,24,1,0.00789473684211,0.00789473684211,0.000328947368421,25520,21.915443;0,0.994871794872,1.00789473684,0.996153846154,0,0.941025641026,0.942105263158,0.996153846154,0,0.992307692308,0.75,0.967948717949,0,0.958974358974,1.0,0.998717948718,0,0.994871794872,0.936842105263,0.996153846154,0,0.992307692308,0.318421052632,0.980769230769,0,0.969230769231,0.955263157895,0.988461538462,0,0.920512820513,0,0.967948717949,0,0.994871794872
fattree-551sw,BALANCED,34,17,1.06842105263,0.547678018576,0.273839009288,27860,0.731553;1.85263157895,0.879487179487,1.22105263158,0.594871794872,1.83157894737,0.789743589744,1.21578947368,0.594871794872,2.06842105263,0.766666666667,1.22105263158,0.597435897436,2.05789473684,0.761538461538,1.28421052632,0.594871794872,1.08947368421,0.75641025641,1.15789473684,0.564102564103,2.05789473684,0.820512820513,1.03157894737,0.594871794872,2.05789473684,0.761538461538,1.08947368421,0.564102564103,2.05789473684,0.789743589744,1.02631578947,0.594871794872,1.98947368421,0.879487179487
fattree-551sw,MAX_CPU,34,16,1.06842105263,0.852960526316,0.401393188854,26450,0.731553;0.952631578947,0.838461538462,2.06842105263,1.77179487179,0.878947368421,0.805128205128,2.06842105263,1.59230769231,0.873684210526,0.805128205128,2.06842105263,1.55128205128,0.815789473684,0.774358974359,2.0,1.54871794872,0.878947368421,0.725641025641,2.05789473684,1.68461538462,0.947368421053,0.838461538462,2.06842105263,1.71538461538,0.810526315789,0.687179487179,2.05789473684,1.65128205128,0.926315789474,0.725641025641,2.05789473684,1.68461538462,0.821052631579,0.838461538462
fattree-551sw,C90,34,7,0.0512820512821,0.034008097166,0.00700166706359,26570,0.731553;0.847368421053,0.85641025641,0.784210526316,1.05128205128,0.778947368421,0.915384615385,1.03684210526,0.779487179487,0.773684210526,0.915384615385,0.968421052632,0.815384615385,0.778947368421,0.802564102564,1.03684210526,0.994871794872,0.842105263158,0.917948717949,1.03684210526,0.905128205128,0.784210526316,0.8,0.915789473684,0.779487179487,0.921052631579,0.920512820513,1.03684210526,0.782051282051,0.857894736842,0.805128205128,1.03684210526,1.00256410256,0.905263157895,0.923076923077
fattree-551sw,MAX_CPU_N,34,13,0.457894736842,0.243350981003,0.0930459633246,27520,0.731553;1.37894736842,0.910256410256,0.910526315789,0.738461538462,1.26842105263,1.00256410256,0.910526315789,0.741025641026,1.23684210526,0.907692307692,0.842105263158,0.741025641026,1.37894736842,1.08974358974,0.910526315789,0.623076923077,1.23684210526,1.05897435897,0.789473684211,0.738461538462,1.20526315789,0.94358974359,0.978947368421,0.769230769231,1.37894736842,0.910256410256,0.910526315789,0.594871794872,1.43684210526,1.03333333333,0.978947368421,0.689743589744,1.45789473684,0.910256410256
jellyfish-130sw,WATERFALL,3,2,0.00769230769231,0.00448717948718,0.00299145299145,1180,9.121332;0,1.00769230769,0,1.00128205128,0,1.0,0
jellyfish-130sw,BALANCED,7,2,0.263157894737,0.255263157895,0.0729323308271,1880,0.584608;1.26315789474,0.617948717949,0.894736842105,0.405128205128,1.24736842105,0.602564102564,0.963157894737
jellyfish-130sw,MAX_CPU,7,3,0.521052631579,0.453981106613,0.194563331405,1810,0.584608;0.594736842105,0.615384615385,1.52105263158,1.34615384615,0.673684210526,0.610256410256,1.49473684211
jellyfish-130sw,C90,7,0,0,0,0,1710,0.584608;0.542105263158,0.717948717949,0.715789473684,0.789743589744,0.594736842105,0.75641025641,0.726315789474
jellyfish-130sw,MAX_CPU_N,7,0,0,0,0,1880,0.584608;0.931578947368,0.761538461538,0.7,0.558974358974,0.842105263158,0.838461538462,0.657894736842
jellyfish-290sw,WATERFALL,10,3,0.00769230769231,0.00598290598291,0.00179487179487,4040,32.652302;0,0.820512820513,0,0.998717948718,0,0.915384615385,0,1.00512820513,0,0.933333333333,0.394736842105,1.00512820513,0,1.00769230769,0.976315789474,0.982051282051
jellyfish-290sw,BALANCED,16,8,0.757894736842,0.428947368421,0.214473684211,4850,0.642327;1.73684210526,0.74358974359,1.14210526316,0.528205128205,1.71052631579,0.815384615385,1.11578947368,0.525641025641,1.75789473684,0.787179487179,1.08421052632,0.489743589744,1.72105263158,0.828205128205,1.16315789474,0.479487179487
jellyfish-290sw,MAX_CPU,16,8,0.857894736842,0.660408232119,0.330204116059,4710,0.642327;0.742105263158,0.692307692308,1.73157894737,1.5358974359,0.831578947368,0.730769230769,1.77894736842,1.57948717949,0.884210526316,0.717948717949,1.77894736842,1.5358974359,0.768421052632,0.697435897436,1.85789473684,1.48461538462
jellyfish-290sw,C90,16,0,0,0,0,4660,0.642327;0.726315789474,0.802564102564,0.868421052632,0.874358974359,0.715789473684,0.853846153846,0.878947368421,0.884615384615,0.7,0.764102564103,0.915789473684,0.853846153846,0.794736842105,0.84358974359,0.852631578947,0.871794871795
jellyfish-290sw,MAX_CPU_N,16,5,0.294736842105,0.138866396761,0.0433957489879,4760,0.642327;1.05789473684,1.01538461538,0.747368421053,0.661538461538,1.24210526316,0.958974358974,0.810526315789,0.7,1.08421052632,0.971794871795,0.784210526316,0.651282051282,1.29473684211,0.951282051282,0.857894736842,0.658974358974
jellyfish-330sw,WATERFALL,11,2,0.00384615384615,0.00384615384615,0.000699300699301,4830,66.060533;0,0.951282051282,0,1.00384615385,0,1.0,0.989473684211,1.00384615385,0,0.941025641026,0,0.985897435897,0,0.953846153846,0.865789473684,0.997435897436,0,0.976923076923
jellyfish-330sw,BALANCED,18,9,0.826315789474,0.483625730994,0.241812865497,5520,0.634845;1.82631578947,0.787179487179,1.12631578947,0.54358974359,1.67894736842,0.789743589744,1.08947368421,0.528205128205,1.73157894737,0.820512820513,1.13157894737,0.525641025641,1.8,0.802564102564,1.23157894737,0.492307692308,1.73684210526,0.751282051282
jellyfish-330sw,MAX_CPU,18,8,0.942105263158,0.741599190283,0.329599640126,5340,0.634845;0.778947368421,0.738461538462,1.80526315789,1.65641025641,0.815789473684,0.712820512821,1.94210526316,1.58205128205,0.815789473684,0.787179487179,1.84210526316,1.59743589744,0.868421052632,0.738461538462,1.88947368421,1.61794871795,0.763157894737,0.723076923077
jellyfish-330sw,C90,18,0,0,0,0,5280,0.634845;0.663157894737,0.851282051282,0.936842105263,0.84358974359,0.647368421053,0.861538461538,0.936842105263,0.912820512821,0.752631578947,0.889743589744,0.942105263158,0.897435897436,0.663157894737,0.851282051282,0.884210526316,0.935897435897,0.752631578947,0.861538461538
jellyfish-330sw,MAX_CPU_N,18,7,0.257894736842,0.14347406979,0.0557954715849,5350,0.634845;1.15263157895,1.01538461538,0.868421052632,0.628205128205,1.25789473684,0.907692307692,0.805263157895,0.702564102564,1.16315789474,0.984615384615,0.8,0.697435897436,1.17894736842,0.902564102564,0.805263157895,0.697435897436,1.21578947368,1.02051282051
rocketfuel-41sw,WATERFALL,1,0,0,0,0,0,1.826996;0,0,0,0.864102564103,0
rocketfuel-41sw,BALANCED,5,0,0,0,0,360,0.609265;0.726315789474,0.417948717949,0.563157894737,0.205128205128,0.647368421053
rocketfuel-41sw,MAX_CPU,5,0,0,0,0,300,0.609265;0.357894736842,0.351282051282,0.857894736842,0.833333333333,0.326315789474
rocketfuel-41sw,C90,5,0,0,0,0,280,0.609265;0.431578947368,0.394871794872,0.489473684211,0.487179487179,0.189473684211
rocketfuel-41sw,MAX_CPU_N,5,0,0,0,0,350,0.609265;0.552631578947,0.520512820513,0.378947368421,0.315384615385,0.494736842105
jellyfish-310sw,WATERFALL,10,6,0.00769230769231,0.00619658119658,0.00371794871795,4490,52.762035;0,0.994871794872,0,1.00256410256,0,1.00769230769,0.934210526316,0.980769230769,0,1.00769230769,0.876315789474,1.00512820513,0,1.00769230769,0,1.00641025641
jellyfish-310sw,BALANCED,16,8,0.9,0.521710526316,0.260855263158,5160,0.656581;1.87368421053,0.828205128205,1.19473684211,0.538461538462,1.9,0.835897435897,1.21052631579,0.551282051282,1.82105263158,0.776923076923,1.18947368421,0.561538461538,1.82105263158,0.853846153846,1.16315789474,0.553846153846
jellyfish-310sw,MAX_CPU,16,8,0.915789473684,0.75754048583,0.378770242915,4970,0.656581;0.842105263158,0.761538461538,1.91578947368,1.63846153846,0.868421052632,0.787179487179,1.81578947368,1.59743589744,0.894736842105,0.710256410256,1.91578947368,1.6,0.821052631579,0.735897435897,1.90526315789,1.67179487179
jellyfish-310sw,C90,16,0,0,0,0,4900,0.656581;0.805263157895,0.9,0.926315789474,0.861538461538,0.821052631579,0.864102564103,0.868421052632,0.94358974359,0.821052631579,0.871794871795,0.842105263158,0.920512820513,0.726315789474,0.866666666667,0.926315789474,0.946153846154
jellyfish-310sw,MAX_CPU_N,16,7,0.242105263158,0.148120300752,0.0648026315789,5060,0.656581;1.22631578947,1.01282051282,0.852631578947,0.717948717949,1.22631578947,1.0358974359,0.784210526316,0.725641025641,1.24210526316,0.992307692308,0.863157894737,0.733333333333,1.24210526316,1.05128205128,0.805263157895,0.725641025641
fattree-101sw,WATERFALL,3,1,0.00897435897436,0.00897435897436,0.00299145299145,1130,5.183915;0,0,0,1.00897435897,0,0.835897435897,0,0.997435897436
fattree-101sw,BALANCED,8,2,0.405263157895,0.352631578947,0.0881578947368,1720,0.582391;1.3,0.587179487179,0.789473684211,0.433333333333,1.40526315789,0.641025641026,0.831578947368,0.394871794872
fattree-101sw,MAX_CPU,8,4,0.447368421053,0.336336032389,0.168168016194,1780,0.582391;0.557894736842,0.548717948718,1.42105263158,1.21282051282,0.636842105263,0.510256410256,1.44736842105,1.2641025641
fattree-101sw,C90,8,0,0,0,0,1650,0.582391;0.636842105263,0.628205128205,0.647368421053,0.653846153846,0.547368421053,0.674358974359,0.568421052632,0.682051282051
fattree-101sw,MAX_CPU_N,8,0,0,0,0,1630,0.582391;0.842105263158,0.733333333333,0.647368421053,0.5,0.857894736842,0.776923076923,0.568421052632,0.558974358974
fattree-151sw,WATERFALL,7,0,0,0,0,2650,12.831344;0,0.625641025641,0,0.976923076923,0,0.958974358974,0,0.978205128205,0,0.625641025641,0.807894736842,0.967948717949
fattree-151sw,BALANCED,12,5,0.652631578947,0.362105263158,0.150877192982,3420,0.594050;1.55263157895,0.692307692308,1.08947368421,0.430769230769,1.65263157895,0.723076923077,1.0,0.389743589744,1.50526315789,0.712820512821,1.01052631579,0.461538461538
fattree-151sw,MAX_CPU,12,6,0.652631578947,0.524538911381,0.262269455691,3600,0.594050;0.752631578947,0.597435897436,1.63684210526,1.38461538462,0.752631578947,0.674358974359,1.65263157895,1.38205128205,0.752631578947,0.641025641026,1.65263157895,1.43846153846
fattree-151sw,C90,12,0,0,0,0,3500,0.594050;0.636842105263,0.687179487179,0.747368421053,0.730769230769,0.752631578947,0.75641025641,0.815789473684,0.733333333333,0.742105263158,0.730769230769,0.752631578947,0.782051282051
fattree-151sw,MAX_CPU_N,12,2,0.110526315789,0.110526315789,0.0184210526316,3210,0.594050;1.11052631579,0.892307692308,0.615789473684,0.597435897436,0.984210526316,0.887179487179,0.747368421053,0.510256410256,1.11052631579,0.915384615385,0.747368421053,0.546153846154
jellyfish-550sw,WATERFALL,15,4,0.00769230769231,0.00769230769231,0.00205128205128,8490,26.082779;0,1.00769230769,0.934210526316,1.00769230769,0,0.95641025641,0.963157894737,0.988461538462,0,0.994871794872,0.994736842105,1.00769230769,0,1.00769230769,0.963157894737,0.99358974359,0.947368421053,0.997435897436,0.984210526316
jellyfish-550sw,BALANCED,19,10,1.01578947368,0.647894736842,0.340997229917,8930,0.666376;1.95789473684,0.858974358974,1.28947368421,0.658974358974,1.95789473684,0.907692307692,1.40526315789,0.65641025641,2.01578947368,0.9,1.23157894737,0.6,1.97894736842,0.887179487179,1.24736842105,0.54358974359,2.01052631579,0.820512820513,1.38421052632
jellyfish-550sw,MAX_CPU,19,9,1.08421052632,0.928729944519,0.439924710562,8820,0.666376;0.957894736842,0.861538461538,2.03157894737,1.84615384615,0.868421052632,0.869230769231,1.99473684211,1.81794871795,0.905263157895,0.866666666667,2.0,1.83076923077,0.942105263158,0.779487179487,2.08421052632,1.77948717949,0.868421052632,0.879487179487,1.97368421053
jellyfish-550sw,C90,19,9,0.125641025641,0.0586894586895,0.0278002699055,8820,0.666376;0.794736842105,0.969230769231,1.04210526316,1.08717948718,0.852631578947,0.997435897436,1.07368421053,1.06153846154,0.931578947368,0.884615384615,1.03157894737,1.05384615385,0.773684210526,0.920512820513,1.03684210526,1.12564102564,0.905263157895,0.994871794872,1.01578947368
jellyfish-550sw,MAX_CPU_N,19,10,0.373684210526,0.212510121457,0.111847432346,8840,0.666376;1.37368421053,1.0358974359,0.947368421053,0.864102564103,1.33157894737,1.09743589744,0.857894736842,0.815384615385,1.34210526316,1.14358974359,0.963157894737,0.828205128205,1.27894736842,1.1641025641,0.973684210526,0.864102564103,1.25263157895,1.10512820513,0.910526315789
