fattree-80sw,WATERFALL,1,0,0,0,0,0,2.508816;0,0,0,0,0,0,0,0,0,0,0,0,0,0,0,0,0,0,0,0.612820512821,0
fattree-80sw,BALANCED,20,0,0,0,0,1890,0.630048;0.136842105263,0.025641025641,0.152631578947,0.0307692307692,0.121052631579,0.025641025641,0.152631578947,0.025641025641,0.121052631579,0.0128205128205,0.136842105263,0.0410256410256,0.1,0.025641025641,0.131578947368,0.025641025641,0.121052631579,0.0,0.189473684211,0.0410256410256,0.115789473684
fattree-80sw,MAX_CPU,16,0,0,0,0,1670,0.630048;0.0736842105263,0.025641025641,0.252631578947,0.0974358974359,0.0736842105263,0.025641025641,0.252631578947,0.0897435897436,0,0.0,0.194736842105,0.125641025641,0,0.025641025641,0.252631578947,0.0897435897436,0,0.025641025641,0.310526315789,0.125641025641,0
fattree-80sw,C90,16,0,0,0,0,1590,0.630048;0,0.0,0.1,0.0897435897436,0,0.0384615384615,0.115789473684,0.0897435897436,0.0315789473684,0.0,0.1,0.0897435897436,0.0315789473684,0.025641025641,0.136842105263,0.0897435897436,0,0.0512820512821,0.1,0.0897435897436,0.0315789473684
fattree-80sw,MAX_CPU_N,21,0,0,0,0,1730,0.630048;0.0736842105263,0.0435897435897,0.0842105263158,0.0282051282051,0.0736842105263,0.0435897435897,0.105263157895,0.0769230769231,0.0578947368421,0.0128205128205,0.0842105263158,0.0769230769231,0.115789473684,0.025641025641,0.136842105263,0.0769230769231,0.0578947368421,0.0512820512821,0.0842105263158,0.0282051282051,0.0578947368421
jellyfish-70sw,WATERFALL,1,0,0,0,0,0,2.311593;0,0,0,0,0,0,0,0,0,0,0,0,0,0,0,0,0,0,0,0.570512820513,0
jellyfish-70sw,BALANCED,20,0,0,0,0,1530,0.643688;0.131578947368,0.025641025641,0.142105263158,0.0358974358974,0.105263157895,0.0384615384615,0.152631578947,0.0487179487179,0.1,0.0128205128205,0.173684210526,0.0102564102564,0.121052631579,0.0,0.194736842105,0.0384615384615,0.0736842105263,0.0128205128205,0.121052631579,0.0282051282051,0.131578947368
jellyfish-70sw,MAX_CPU,18,0,0,0,0,1470,0.643688;0,0.025641025641,0.268421052632,0.0948717948718,0,0.0128205128205,0.173684210526,0.0948717948718,0.0736842105263,0.025641025641,0.194736842105,0.0897435897436,0.0631578947368,0.0128205128205,0.231578947368,0.1,0.1,0.0384615384615,0.226315789474,0.107692307692,0
jellyfish-70sw,C90,15,0,0,0,0,1390,0.643688;0,0.025641025641,0.163157894737,0.0589743589744,0,0.0,0.142105263158,0.0564102564103,0,0.0384615384615,0.110526315789,0.0974358974359,0,0.025641025641,0.0842105263158,0.0692307692308,0.1,0.025641025641,0.168421052632,0.0692307692308,0
jellyfish-70sw,MAX_CPU_N,20,0,0,0,0,1470,0.643688;0.110526315789,0.025641025641,0.131578947368,0.0435897435897,0.110526315789,0.025641025641,0.110526315789,0.0564102564103,0.1,0.025641025641,0.163157894737,0.0153846153846,0.110526315789,0.0128205128205,0.110526315789,0.0179487179487,0.0789473684211,0.0384615384615,0,0.0589743589744,0.0842105263158
jellyfish-150sw,WATERFALL,2,0,0,0,0,560,8.117836;0,0,0,0,0,0,0,0,0,0,0,0,0,0,0,0.997435897436,0,0,0,0.182051282051,0
jellyfish-150sw,BALANCED,21,0,0,0,0,2880,0.639307;0.278947368421,0.0666666666667,0.221052631579,0.0461538461538,0.231578947368,0.0692307692308,0.215789473684,0.0717948717949,0.2,0.074358974359,0.268421052632,0.0846153846154,0.194736842105,0.0769230769231,0.194736842105,0.0717948717949,0.226315789474,0.0820512820513,0.273684210526,0.0871794871795,0.305263157895
jellyfish-150sw,MAX_CPU,21,0,0,0,0,2760,0.639307;0.121052631579,0.0769230769231,0.331578947368,0.230769230769,0.105263157895,0.0512820512821,0.363157894737,0.223076923077,0.110526315789,0.0538461538462,0.310526315789,0.194871794872,0.157894736842,0.0410256410256,0.336842105263,0.210256410256,0.126315789474,0.0410256410256,0.342105263158,0.207692307692,0.131578947368
jellyfish-150sw,C90,21,0,0,0,0,2800,0.639307;0.136842105263,0.0692307692308,0.2,0.14358974359,0.0947368421053,0.0871794871795,0.194736842105,0.15641025641,0.1,0.0564102564103,0.168421052632,0.117948717949,0.121052631579,0.112820512821,0.2,0.158974358974,0.121052631579,0.0974358974359,0.194736842105,0.141025641026,0.1
jellyfish-150sw,MAX_CPU_N,21,0,0,0,0,2810,0.639307;0.184210526316,0.1,0.152631578947,0.110256410256,0.184210526316,0.123076923077,0.221052631579,0.125641025641,0.184210526316,0.110256410256,0.184210526316,0.123076923077,0.184210526316,0.112820512821,0.168421052632,0.110256410256,0.157894736842,0.110256410256,0.136842105263,0.1,0.184210526316
jellyfish-670sw,WATERFALL,6,0,0,0,0,8400,21.208317;0,0,0,0.961538461538,0,0,0,0.998717948718,0,0,0,0.976923076923,0,0,0,0.966666666667,0,0.833333333333,0,0.939743589744,0
jellyfish-670sw,BALANCED,21,2,0.0578947368421,0.0578947368421,0.00551378446115,11050,0.636248;1.05789473684,0.566666666667,0.884210526316,0.382051282051,0.994736842105,0.458974358974,0.947368421053,0.369230769231,0.989473684211,0.558974358974,0.784210526316,0.387179487179,1.05789473684,0.461538461538,0.868421052632,0.330769230769,1.0,0.502564102564,0.942105263158,0.292307692308,0.952631578947
jellyfish-670sw,MAX_CPU,21,7,0.236842105263,0.105475226528,0.0351584088426,10800,0.636248;0.484210526316,0.461538461538,1.13157894737,0.94358974359,0.484210526316,0.487179487179,1.11052631579,0.907692307692,0.494736842105,0.376923076923,1.11578947368,1.00769230769,0.5,0.428205128205,1.23684210526,0.984615384615,0.489473684211,0.451282051282,1.1,1.0358974359,0.521052631579
jellyfish-670sw,C90,21,0,0,0,0,10780,0.636248;0.426315789474,0.528205128205,0.668421052632,0.607692307692,0.478947368421,0.574358974359,0.663157894737,0.6,0.426315789474,0.505128205128,0.715789473684,0.633333333333,0.478947368421,0.558974358974,0.668421052632,0.725641025641,0.415789473684,0.584615384615,0.663157894737,0.751282051282,0.415789473684
jellyfish-670sw,MAX_CPU_N,21,0,0,0,0,10950,0.636248;0.7,0.653846153846,0.610526315789,0.494871794872,0.589473684211,0.638461538462,0.563157894737,0.5,0.694736842105,0.628205128205,0.621052631579,0.494871794872,0.668421052632,0.658974358974,0.621052631579,0.525641025641,0.789473684211,0.694871794872,0.536842105263,0.610256410256,0.705263157895
rocketfuel-604sw,WATERFALL,5,4,0.00897435897436,0.00512820512821,0.00410256410256,2180,23.423969;0,0,0,0.951282051282,0,0,0,1.00256410256,0,0,0,1.00128205128,0,0,0,1.00769230769,0,0,0,1.00897435897,0
rocketfuel-604sw,BALANCED,21,3,0.194736842105,0.133333333333,0.0190476190476,8430,0.682627;1.03684210526,0.612820512821,0.684210526316,0.271794871795,0.9,0.358974358974,0.726315789474,0.389743589744,0.931578947368,0.448717948718,0.794736842105,0.366666666667,1.16842105263,0.423076923077,0.721052631579,0.282051282051,0.705263157895,0.405128205128,0.931578947368,0.507692307692,1.19473684211
rocketfuel-604sw,MAX_CPU,21,5,0.368421052632,0.191524966262,0.0456011824433,7480,0.682627;0.505263157895,0.564102564103,1.36842105263,0.866666666667,0.531578947368,0.510256410256,1.25263157895,0.835897435897,0.426315789474,0.410256410256,1.24736842105,0.838461538462,0.526315789474,0.346153846154,0.936842105263,1.01025641026,0.494736842105,0.553846153846,1.07894736842,0.692307692308,0.442105263158
rocketfuel-604sw,C90,21,0,0,0,0,6580,0.682627;0.5,0.646153846154,0.694736842105,0.530769230769,0.478947368421,0.594871794872,0.715789473684,0.566666666667,0.473684210526,0.487179487179,0.484210526316,0.397435897436,0.394736842105,0.576923076923,0.668421052632,0.782051282051,0.368421052632,0.451282051282,0.694736842105,0.489743589744,0.342105263158
rocketfuel-604sw,MAX_CPU_N,21,0,0,0,0,7870,0.682627;0.826315789474,0.712820512821,0.515789473684,0.397435897436,0.542105263158,0.766666666667,0.726315789474,0.538461538462,0.657894736842,0.579487179487,0.610526315789,0.330769230769,0.778947368421,0.494871794872,0.594736842105,0.448717948718,0.536842105263,0.484615384615,0.726315789474,0.541025641026,0.542105263158
fattree-281sw,WATERFALL,4,2,0.00641025641026,0.00512820512821,0.0025641025641,5710,15.921681;0,0,0,0,0,0,0,1.00641025641,0,0,0,0.869230769231,0,0,0,1.00384615385,0,0,0,0.183333333333,0
fattree-281sw,BALANCED,21,0,0,0,0,9730,0.643191;0.726315789474,0.325641025641,0.521052631579,0.138461538462,0.657894736842,0.253846153846,0.489473684211,0.217948717949,0.584210526316,0.292307692308,0.584210526316,0.138461538462,0.663157894737,0.353846153846,0.363157894737,0.238461538462,0.536842105263,0.392307692308,0.394736842105,0.15641025641,0.542105263158
fattree-281sw,MAX_CPU,21,0,0,0,0,9370,0.643191;0.268421052632,0.302564102564,0.815789473684,0.566666666667,0.221052631579,0.230769230769,0.684210526316,0.507692307692,0.342105263158,0.302564102564,0.815789473684,0.569230769231,0.347368421053,0.233333333333,0.815789473684,0.54358974359,0.352631578947,0.305128205128,0.821052631579,0.620512820513,0.352631578947
fattree-281sw,C90,21,0,0,0,0,9630,0.643191;0.215789473684,0.274358974359,0.452631578947,0.402564102564,0.231578947368,0.274358974359,0.452631578947,0.284615384615,0.289473684211,0.374358974359,0.452631578947,0.302564102564,0.236842105263,0.371794871795,0.436842105263,0.423076923077,0.189473684211,0.346153846154,0.310526315789,0.397435897436,0.236842105263
fattree-281sw,MAX_CPU_N,21,0,0,0,0,9380,0.643191;0.478947368421,0.435897435897,0.394736842105,0.210256410256,0.363157894737,0.410256410256,0.410526315789,0.192307692308,0.478947368421,0.438461538462,0.410526315789,0.182051282051,0.5,0.341025641026,0.410526315789,0.266666666667,0.489473684211,0.417948717949,0.426315789474,0.228205128205,0.421052631579
fattree-320sw,WATERFALL,4,0,0,0,0,7680,5.704531;0,0,0,0,0,0,0,0.932051282051,0,0,0,0.932051282051,0,0,0,0.932051282051,0,0,0,0.932051282051,0
fattree-320sw,BALANCED,21,0,0,0,0,10570,0.658969;0.610526315789,0.394871794872,0.615789473684,0.164102564103,0.8,0.371794871795,0.615789473684,0.261538461538,0.610526315789,0.394871794872,0.415789473684,0.261538461538,0.8,0.394871794872,0.415789473684,0.261538461538,0.8,0.394871794872,0.615789473684,0.261538461538,0.8
fattree-320sw,MAX_CPU,21,0,0,0,0,11030,0.658969;0.294736842105,0.371794871795,0.963157894737,0.628205128205,0.363157894737,0.371794871795,0.963157894737,0.653846153846,0.352631578947,0.369230769231,0.963157894737,0.684615384615,0.410526315789,0.371794871795,0.726315789474,0.74358974359,0.410526315789,0.315384615385,0.778947368421,0.684615384615,0.478947368421
fattree-320sw,C90,20,0,0,0,0,11250,0.658969;0.242105263158,0.351282051282,0.478947368421,0.474358974359,0.363157894737,0.44358974359,0.478947368421,0.376923076923,0.242105263158,0.353846153846,0.536842105263,0.502564102564,0.242105263158,0.438461538462,0.536842105263,0.502564102564,0.242105263158,0.412820512821,0.536842105263,0.412820512821,0
fattree-320sw,MAX_CPU_N,21,0,0,0,0,10960,0.658969;0.557894736842,0.528205128205,0.452631578947,0.276923076923,0.557894736842,0.412820512821,0.452631578947,0.212820512821,0.557894736842,0.535897435897,0.505263157895,0.233333333333,0.615789473684,0.415384615385,0.505263157895,0.35641025641,0.615789473684,0.448717948718,0.505263157895,0.248717948718,0.615789473684
jellyfish-230sw,WATERFALL,2,0,0,0,0,1460,3.246101;0,0,0,0,0,0,0,0,0,0,0,0,0,0,0,0.983333333333,0,0,0,0.832051282051,0
jellyfish-230sw,BALANCED,21,0,0,0,0,4150,0.635292;0.405263157895,0.141025641026,0.289473684211,0.0820512820513,0.347368421053,0.166666666667,0.315789473684,0.133333333333,0.426315789474,0.128205128205,0.342105263158,0.112820512821,0.352631578947,0.141025641026,0.373684210526,0.105128205128,0.352631578947,0.179487179487,0.342105263158,0.130769230769,0.357894736842
jellyfish-230sw,MAX_CPU,21,0,0,0,0,4060,0.635292;0.157894736842,0.115384615385,0.531578947368,0.328205128205,0.173684210526,0.153846153846,0.473684210526,0.361538461538,0.131578947368,0.138461538462,0.489473684211,0.335897435897,0.152631578947,0.110256410256,0.442105263158,0.315384615385,0.173684210526,0.117948717949,0.384210526316,0.376923076923,0.184210526316
jellyfish-230sw,C90,21,0,0,0,0,3980,0.635292;0.2,0.146153846154,0.231578947368,0.207692307692,0.126315789474,0.166666666667,0.305263157895,0.210256410256,0.173684210526,0.187179487179,0.331578947368,0.246153846154,0.173684210526,0.179487179487,0.252631578947,0.233333333333,0.115789473684,0.151282051282,0.257894736842,0.258974358974,0.121052631579
jellyfish-230sw,MAX_CPU_N,21,0,0,0,0,4090,0.635292;0.226315789474,0.25641025641,0.278947368421,0.166666666667,0.284210526316,0.215384615385,0.184210526316,0.141025641026,0.236842105263,0.220512820513,0.221052631579,0.179487179487,0.294736842105,0.189743589744,0.221052631579,0.166666666667,0.226315789474,0.246153846154,0.247368421053,0.192307692308,0.252631578947
jellyfish-610sw,WATERFALL,5,1,0.00641025641026,0.00641025641026,0.00128205128205,7140,46.398868;0,0,0,0.896153846154,0,0,0,1.00641025641,0,0,0,0.985897435897,0,0,0,0.920512820513,0,0,0,0.99358974359,0
jellyfish-610sw,BALANCED,21,0,0,0,0,10140,0.654119;0.915789473684,0.476923076923,0.878947368421,0.34358974359,0.821052631579,0.458974358974,0.810526315789,0.305128205128,0.952631578947,0.476923076923,0.805263157895,0.353846153846,0.931578947368,0.438461538462,0.810526315789,0.302564102564,0.936842105263,0.433333333333,0.752631578947,0.35641025641,0.947368421053
jellyfish-610sw,MAX_CPU,21,3,0.0473684210526,0.0245614035088,0.00350877192982,9900,0.654119;0.547368421053,0.471794871795,0.978947368421,0.958974358974,0.436842105263,0.420512820513,1.01052631579,0.864102564103,0.384210526316,0.366666666667,1.01578947368,0.897435897436,0.447368421053,0.451282051282,1.04736842105,0.853846153846,0.421052631579,0.412820512821,0.926315789474,0.894871794872,0.494736842105
jellyfish-610sw,C90,21,0,0,0,0,9820,0.654119;0.452631578947,0.551282051282,0.594736842105,0.641025641026,0.4,0.533333333333,0.642105263158,0.55641025641,0.4,0.520512820513,0.531578947368,0.628205128205,0.363157894737,0.484615384615,0.621052631579,0.582051282051,0.457894736842,0.520512820513,0.563157894737,0.582051282051,0.357894736842
jellyfish-610sw,MAX_CPU_N,21,0,0,0,0,9910,0.654119;0.663157894737,0.630769230769,0.489473684211,0.497435897436,0.610526315789,0.579487179487,0.442105263158,0.502564102564,0.668421052632,0.597435897436,0.594736842105,0.469230769231,0.663157894737,0.620512820513,0.547368421053,0.438461538462,0.673684210526,0.669230769231,0.489473684211,0.423076923077,0.584210526316
fattree-245sw,WATERFALL,3,1,0.00512820512821,0.00512820512821,0.0017094017094,4340,4.579305;0,0,0,0,0,0,0,0,0,0,0,0.6,0,0,0,1.00512820513,0,0,0,1.0,0
fattree-245sw,BALANCED,21,0,0,0,0,7700,0.629288;0.6,0.266666666667,0.489473684211,0.110256410256,0.426315789474,0.266666666667,0.489473684211,0.2,0.426315789474,0.202564102564,0.305263157895,0.189743589744,0.563157894737,0.202564102564,0.463157894737,0.2,0.552631578947,0.292307692308,0.447368421053,0.110256410256,0.6
fattree-245sw,MAX_CPU,20,0,0,0,0,7720,0.629288;0.221052631579,0.266666666667,0.742105263158,0.487179487179,0.284210526316,0.238461538462,0.742105263158,0.420512820513,0.231578947368,0.266666666667,0.742105263158,0.453846153846,0.242105263158,0.176923076923,0.684210526316,0.54358974359,0,0.266666666667,0.742105263158,0.453846153846,0.284210526316
fattree-245sw,C90,20,0,0,0,0,7760,0.629288;0.173684210526,0.223076923077,0.4,0.369230769231,0.231578947368,0.312820512821,0.231578947368,0.307692307692,0,0.312820512821,0.342105263158,0.307692307692,0.242105263158,0.223076923077,0.415789473684,0.289743589744,0.289473684211,0.312820512821,0.415789473684,0.279487179487,0.231578947368
fattree-245sw,MAX_CPU_N,21,0,0,0,0,8080,0.629288;0.431578947368,0.379487179487,0.357894736842,0.164102564103,0.421052631579,0.384615384615,0.321052631579,0.223076923077,0.305263157895,0.289743589744,0.373684210526,0.171794871795,0.431578947368,0.289743589744,0.373684210526,0.2,0.442105263158,0.323076923077,0.373684210526,0.171794871795,0.442105263158
jellyfish-690sw,WATERFALL,6,1,0.00384615384615,0.00384615384615,0.000641025641026,8650,49.781123;0,0,0,1.0,0,0,0,0.969230769231,0,0,0,1.00384615385,0,0,0,0.985897435897,0,0.930769230769,0,0.974358974359,0
jellyfish-690sw,BALANCED,21,5,0.105263157895,0.0705263157895,0.0167919799499,11320,0.701139;1.09473684211,0.515384615385,0.926315789474,0.430769230769,1.07368421053,0.479487179487,0.873684210526,0.379487179487,1.02631578947,0.564102564103,0.836842105263,0.389743589744,1.10526315789,0.484615384615,0.847368421053,0.412820512821,1.05263157895,0.461538461538,0.863157894737,0.387179487179,0.963157894737
jellyfish-690sw,MAX_CPU,21,6,0.305263157895,0.152541610436,0.0435833172675,11020,0.701139;0.473684210526,0.489743589744,1.30526315789,0.946153846154,0.489473684211,0.548717948718,1.16842105263,0.917948717949,0.552631578947,0.458974358974,1.14210526316,0.994871794872,0.410526315789,0.441025641026,1.14736842105,1.02051282051,0.526315789474,0.528205128205,1.13157894737,0.976923076923,0.5
jellyfish-690sw,C90,21,0,0,0,0,11070,0.701139;0.510526315789,0.589743589744,0.726315789474,0.730769230769,0.426315789474,0.558974358974,0.673684210526,0.687179487179,0.478947368421,0.617948717949,0.657894736842,0.661538461538,0.373684210526,0.561538461538,0.705263157895,0.658974358974,0.536842105263,0.612820512821,0.594736842105,0.602564102564,0.457894736842
jellyfish-690sw,MAX_CPU_N,21,0,0,0,0,11210,0.701139;0.736842105263,0.689743589744,0.573684210526,0.484615384615,0.768421052632,0.738461538462,0.673684210526,0.507692307692,0.684210526316,0.658974358974,0.563157894737,0.538461538462,0.736842105263,0.671794871795,0.542105263158,0.461538461538,0.652631578947,0.725641025641,0.652631578947,0.548717948718,0.794736842105
fattree-405sw,WATERFALL,6,2,0.00769230769231,0.00769230769231,0.0025641025641,11860,41.254142;0,0,0,0.924358974359,0,0,0,1.00769230769,0,0,0,0.976923076923,0,0,0,0.994871794872,0,0.405128205128,0,1.00769230769,0
fattree-405sw,BALANCED,21,5,0.0789473684211,0.0684210526316,0.016290726817,15000,0.669136;1.02631578947,0.523076923077,0.831578947368,0.341025641026,1.07894736842,0.407692307692,0.778947368421,0.328205128205,0.842105263158,0.5,0.542105263158,0.341025641026,1.07894736842,0.410256410256,0.942105263158,0.341025641026,1.07894736842,0.523076923077,0.778947368421,0.341025641026,1.07894736842
fattree-405sw,MAX_CPU,21,4,0.263157894737,0.219736842105,0.0418546365915,15120,0.669136;0.431578947368,0.5,1.20526315789,0.930769230769,0.552631578947,0.5,0.968421052632,0.9,0.552631578947,0.5,1.20526315789,0.928205128205,0.552631578947,0.384615384615,1.26315789474,0.902564102564,0.615789473684,0.5,1.20526315789,0.987179487179,0.436842105263
fattree-405sw,C90,21,0,0,0,0,14940,0.669136;0.557894736842,0.571794871795,0.663157894737,0.453846153846,0.442105263158,0.451282051282,0.663157894737,0.507692307692,0.557894736842,0.571794871795,0.663157894737,0.507692307692,0.378947368421,0.566666666667,0.663157894737,0.507692307692,0.615789473684,0.566666666667,0.621052631579,0.623076923077,0.378947368421
fattree-405sw,MAX_CPU_N,21,0,0,0,0,15560,0.669136;0.768421052632,0.584615384615,0.536842105263,0.489743589744,0.705263157895,0.528205128205,0.594736842105,0.535897435897,0.768421052632,0.55641025641,0.594736842105,0.366666666667,0.768421052632,0.64358974359,0.536842105263,0.392307692308,0.768421052632,0.735897435897,0.594736842105,0.374358974359,0.705263157895
rocketfuel-318sw,WATERFALL,3,1,0.00769230769231,0.00769230769231,0.0025641025641,120,6.025062;0,0,0,0,0,0,0,0,0,0,0,0.862820512821,0,0,0,0.985897435897,0,0,0,1.00769230769,0
rocketfuel-318sw,BALANCED,21,0,0,0,0,3900,0.652437;0.489473684211,0.215384615385,0.463157894737,0.125641025641,0.405263157895,0.330769230769,0.668421052632,0.274358974359,0.573684210526,0.0923076923077,0.673684210526,0.215384615385,0.578947368421,0.266666666667,0.678947368421,0.194871794872,0.526315789474,0.320512820513,0.552631578947,0.197435897436,0.373684210526
rocketfuel-318sw,MAX_CPU,20,0,0,0,0,3580,0.652437;0.231578947368,0.133333333333,0.768421052632,0.476923076923,0.252631578947,0.241025641026,0.678947368421,0.576923076923,0.331578947368,0.266666666667,0.752631578947,0.669230769231,0.0526315789474,0.333333333333,0.815789473684,0.420512820513,0.152631578947,0.187179487179,0.6,0.525641025641,0
rocketfuel-318sw,C90,21,0,0,0,0,3410,0.652437;0.252631578947,0.320512820513,0.384210526316,0.453846153846,0.3,0.371794871795,0.468421052632,0.402564102564,0.221052631579,0.34358974359,0.310526315789,0.261538461538,0.210526315789,0.210256410256,0.278947368421,0.351282051282,0.278947368421,0.369230769231,0.357894736842,0.302564102564,0.268421052632
rocketfuel-318sw,MAX_CPU_N,21,0,0,0,0,3840,0.652437;0.452631578947,0.366666666667,0.452631578947,0.361538461538,0.357894736842,0.320512820513,0.363157894737,0.376923076923,0.289473684211,0.302564102564,0.257894736842,0.405128205128,0.405263157895,0.451282051282,0.463157894737,0.182051282051,0.257894736842,0.274358974359,0.257894736842,0.251282051282,0.431578947368
jellyfish-250sw,WATERFALL,2,0,0,0,0,1650,6.408571;0,0,0,0,0,0,0,0,0,0,0,0,0,0,0,0.979487179487,0,0,0,0.984615384615,0
jellyfish-250sw,BALANCED,21,0,0,0,0,4530,0.614596;0.421052631579,0.141025641026,0.384210526316,0.0974358974359,0.315789473684,0.151282051282,0.378947368421,0.161538461538,0.421052631579,0.161538461538,0.352631578947,0.176923076923,0.394736842105,0.176923076923,0.431578947368,0.135897435897,0.368421052632,0.164102564103,0.378947368421,0.110256410256,0.321052631579
jellyfish-250sw,MAX_CPU,21,0,0,0,0,4400,0.614596;0.273684210526,0.164102564103,0.468421052632,0.317948717949,0.184210526316,0.128205128205,0.457894736842,0.394871794872,0.210526315789,0.141025641026,0.515789473684,0.34358974359,0.152631578947,0.151282051282,0.510526315789,0.423076923077,0.189473684211,0.128205128205,0.521052631579,0.328205128205,0.189473684211
jellyfish-250sw,C90,21,0,0,0,0,4310,0.614596;0.157894736842,0.210256410256,0.342105263158,0.25641025641,0.236842105263,0.205128205128,0.289473684211,0.24358974359,0.184210526316,0.166666666667,0.263157894737,0.241025641026,0.157894736842,0.153846153846,0.263157894737,0.25641025641,0.184210526316,0.182051282051,0.236842105263,0.269230769231,0.152631578947
jellyfish-250sw,MAX_CPU_N,21,0,0,0,0,4440,0.614596;0.289473684211,0.261538461538,0.305263157895,0.184615384615,0.189473684211,0.246153846154,0.252631578947,0.187179487179,0.289473684211,0.230769230769,0.336842105263,0.123076923077,0.294736842105,0.261538461538,0.252631578947,0.184615384615,0.289473684211,0.228205128205,0.2,0.212820512821,0.263157894737
jellyfish-190sw,WATERFALL,2,0,0,0,0,1130,6.225905;0,0,0,0,0,0,0,0,0,0,0,0,0,0,0,0.997435897436,0,0,0,0.516666666667,0
jellyfish-190sw,BALANCED,21,0,0,0,0,3510,0.711891;0.310526315789,0.105128205128,0.263157894737,0.107692307692,0.363157894737,0.107692307692,0.221052631579,0.120512820513,0.231578947368,0.1,0.315789473684,0.110256410256,0.315789473684,0.128205128205,0.215789473684,0.110256410256,0.284210526316,0.102564102564,0.236842105263,0.107692307692,0.342105263158
jellyfish-190sw,MAX_CPU,21,0,0,0,0,3350,0.711891;0.136842105263,0.0948717948718,0.421052631579,0.258974358974,0.205263157895,0.0769230769231,0.326315789474,0.271794871795,0.131578947368,0.0666666666667,0.4,0.220512820513,0.136842105263,0.0923076923077,0.463157894737,0.312820512821,0.115789473684,0.0897435897436,0.463157894737,0.320512820513,0.163157894737
jellyfish-190sw,C90,21,0,0,0,0,3370,0.711891;0.131578947368,0.0871794871795,0.263157894737,0.212820512821,0.131578947368,0.171794871795,0.263157894737,0.161538461538,0.115789473684,0.148717948718,0.263157894737,0.215384615385,0.105263157895,0.141025641026,0.268421052632,0.151282051282,0.142105263158,0.0692307692308,0.157894736842,0.215384615385,0.136842105263
jellyfish-190sw,MAX_CPU_N,21,0,0,0,0,3420,0.711891;0.157894736842,0.194871794872,0.205263157895,0.141025641026,0.173684210526,0.171794871795,0.231578947368,0.151282051282,0.210526315789,0.174358974359,0.205263157895,0.166666666667,0.173684210526,0.176923076923,0.131578947368,0.189743589744,0.2,0.171794871795,0.157894736842,0.138461538462,0.2
jellyfish-490sw,WATERFALL,4,1,0.00641025641026,0.00641025641026,0.00160256410256,5160,31.928379;0,0,0,0,0,0,0,0.971794871795,0,0,0,0.891025641026,0,0,0,0.987179487179,0,0,0,1.00641025641,0
jellyfish-490sw,BALANCED,21,0,0,0,0,8250,0.741644;0.605263157895,0.387179487179,0.505263157895,0.223076923077,0.763157894737,0.407692307692,0.663157894737,0.284615384615,0.768421052632,0.384615384615,0.663157894737,0.235897435897,0.778947368421,0.361538461538,0.715789473684,0.284615384615,0.752631578947,0.387179487179,0.631578947368,0.287179487179,0.768421052632
jellyfish-490sw,MAX_CPU,21,0,0,0,0,8020,0.741644;0.315789473684,0.351282051282,0.889473684211,0.761538461538,0.421052631579,0.34358974359,0.8,0.653846153846,0.394736842105,0.351282051282,0.931578947368,0.7,0.389473684211,0.34358974359,0.884210526316,0.65641025641,0.421052631579,0.294871794872,0.847368421053,0.723076923077,0.315789473684
jellyfish-490sw,C90,21,0,0,0,0,7940,0.741644;0.352631578947,0.310256410256,0.489473684211,0.489743589744,0.352631578947,0.446153846154,0.573684210526,0.489743589744,0.326315789474,0.487179487179,0.415789473684,0.441025641026,0.326315789474,0.412820512821,0.436842105263,0.505128205128,0.305263157895,0.423076923077,0.568421052632,0.458974358974,0.378947368421
jellyfish-490sw,MAX_CPU_N,21,0,0,0,0,8030,0.741644;0.510526315789,0.507692307692,0.5,0.338461538462,0.526315789474,0.505128205128,0.521052631579,0.302564102564,0.515789473684,0.448717948718,0.421052631579,0.397435897436,0.552631578947,0.538461538462,0.5,0.382051282051,0.515789473684,0.497435897436,0.5,0.330769230769,0.478947368421
jellyfish-90sw,WATERFALL,1,0,0,0,0,0,2.416255;0,0,0,0,0,0,0,0,0,0,0,0,0,0,0,0,0,0,0,0.724358974359,0
jellyfish-90sw,BALANCED,21,0,0,0,0,1870,0.628630;0.173684210526,0.0384615384615,0.184210526316,0.0589743589744,0.136842105263,0.0384615384615,0.157894736842,0.0153846153846,0.126315789474,0.025641025641,0.189473684211,0.0564102564103,0.121052631579,0.025641025641,0.178947368421,0.0435897435897,0.136842105263,0.0128205128205,0.163157894737,0.0435897435897,0.147368421053
jellyfish-90sw,MAX_CPU,19,0,0,0,0,1750,0.628630;0.0842105263158,0.025641025641,0.247368421053,0.141025641026,0.0947368421053,0.0128205128205,0.247368421053,0.153846153846,0.0526315789474,0.0,0.284210526316,0.125641025641,0.1,0.0128205128205,0.236842105263,0.117948717949,0.0315789473684,0.0384615384615,0.252631578947,0.123076923077,0
jellyfish-90sw,C90,18,0,0,0,0,1720,0.628630;0.1,0.025641025641,0.168421052632,0.0564102564103,0,0.025641025641,0.142105263158,0.0948717948718,0.0736842105263,0.0641025641026,0.147368421053,0.0820512820513,0,0.025641025641,0.115789473684,0.105128205128,0,0.025641025641,0.168421052632,0.0948717948718,0.0684210526316
jellyfish-90sw,MAX_CPU_N,21,0,0,0,0,1760,0.628630;0.121052631579,0.0384615384615,0.110526315789,0.0641025641026,0.121052631579,0.0333333333333,0.136842105263,0.0487179487179,0.131578947368,0.0333333333333,0.131578947368,0.0666666666667,0.0684210526316,0.0205128205128,0.110526315789,0.0897435897436,0.121052631579,0.0564102564103,0.110526315789,0.0794871794872,0.0842105263158
jellyfish-370sw,WATERFALL,3,0,0,0,0,3500,18.287345;0,0,0,0,0,0,0,0,0,0,0,0.934615384615,0,0,0,0.979487179487,0,0,0,0.996153846154,0
jellyfish-370sw,BALANCED,21,0,0,0,0,6380,0.685237;0.415789473684,0.258974358974,0.5,0.230769230769,0.584210526316,0.276923076923,0.626315789474,0.169230769231,0.557894736842,0.287179487179,0.578947368421,0.179487179487,0.505263157895,0.282051282051,0.468421052632,0.153846153846,0.547368421053,0.289743589744,0.573684210526,0.192307692308,0.663157894737
jellyfish-370sw,MAX_CPU,21,0,0,0,0,6240,0.685237;0.347368421053,0.297435897436,0.657894736842,0.579487179487,0.236842105263,0.253846153846,0.773684210526,0.55641025641,0.215789473684,0.235897435897,0.684210526316,0.515384615385,0.263157894737,0.241025641026,0.694736842105,0.464102564103,0.236842105263,0.207692307692,0.657894736842,0.582051282051,0.263157894737
jellyfish-370sw,C90,21,0,0,0,0,6260,0.685237;0.205263157895,0.292307692308,0.310526315789,0.4,0.289473684211,0.276923076923,0.468421052632,0.351282051282,0.205263157895,0.312820512821,0.442105263158,0.35641025641,0.263157894737,0.305128205128,0.342105263158,0.335897435897,0.2,0.387179487179,0.394736842105,0.382051282051,0.284210526316
jellyfish-370sw,MAX_CPU_N,21,0,0,0,0,6310,0.685237;0.421052631579,0.348717948718,0.457894736842,0.230769230769,0.384210526316,0.325641025641,0.457894736842,0.279487179487,0.289473684211,0.374358974359,0.373684210526,0.279487179487,0.494736842105,0.353846153846,0.405263157895,0.266666666667,0.389473684211,0.364102564103,0.378947368421,0.292307692308,0.410526315789
fattree-661sw,WATERFALL,16,3,0.00512820512821,0.00470085470085,0.00088141025641,29670,100.011009;0,0.994871794872,0.857894736842,1.00512820513,0,0.994871794872,0.857894736842,1.00512820513,0,0.992307692308,0.978947368421,0.996153846154,0,1.0,0.981578947368,1.00384615385,0,0.997435897436,0.857894736842,0.997435897436,0.978947368421
fattree-661sw,BALANCED,21,10,1.15263157895,0.744736842105,0.354636591479,31680,0.720941;2.08947368421,0.915384615385,1.24210526316,0.579487179487,1.96315789474,0.728205128205,1.54210526316,0.45641025641,2.15263157895,0.887179487179,0.952631578947,0.717948717949,1.97894736842,0.85641025641,1.25263157895,0.582051282051,1.98421052632,0.858974358974,1.25263157895,0.723076923077,1.98947368421
fattree-661sw,MAX_CPU,21,16,1.33157894737,0.584733468286,0.445511213932,29950,0.720941;1.03157894737,0.841025641026,1.78421052632,1.65384615385,1.03157894737,0.697435897436,2.33157894737,1.82820512821,1.03157894737,0.669230769231,1.78421052632,1.91538461538,1.03157894737,0.669230769231,2.33157894737,1.9358974359,1.03157894737,0.728205128205,1.85263157895,1.74871794872,1.03157894737
fattree-661sw,C90,21,11,0.189743589744,0.0523862102809,0.0274403958614,29840,0.720941;0.905263157895,0.8,1.03684210526,1.03076923077,1.03157894737,1.03846153846,1.03684210526,0.889743589744,0.968421052632,0.766666666667,0.747368421053,0.971794871795,0.968421052632,1.00512820513,1.09473684211,1.03846153846,1.03157894737,0.915384615385,1.04210526316,1.18974358974,0.731578947368
fattree-661sw,MAX_CPU_N,21,11,0.426315789474,0.263525947736,0.138037401195,29030,0.720941;1.40526315789,1.11282051282,0.973684210526,0.723076923077,1.40526315789,1.03846153846,0.973684210526,0.723076923077,1.40526315789,1.06666666667,0.973684210526,0.723076923077,1.40526315789,1.03846153846,0.726315789474,0.879487179487,1.42631578947,1.18974358974,0.973684210526,0.723076923077,1.40526315789
jellyfish-390sw,WATERFALL,4,0,0,0,0,3770,15.570659;0,0,0,0,0,0,0,0.976923076923,0,0,0,0.996153846154,0,0,0,0.919230769231,0,0,0,0.184615384615,0
jellyfish-390sw,BALANCED,21,0,0,0,0,6570,0.693751;0.494736842105,0.284615384615,0.478947368421,0.197435897436,0.678947368421,0.269230769231,0.563157894737,0.210256410256,0.547368421053,0.325641025641,0.478947368421,0.246153846154,0.6,0.266666666667,0.563157894737,0.225641025641,0.536842105263,0.284615384615,0.563157894737,0.276923076923,0.557894736842
jellyfish-390sw,MAX_CPU,21,0,0,0,0,6420,0.693751;0.242105263158,0.271794871795,0.731578947368,0.589743589744,0.268421052632,0.266666666667,0.594736842105,0.54358974359,0.273684210526,0.253846153846,0.731578947368,0.558974358974,0.352631578947,0.287179487179,0.768421052632,0.517948717949,0.242105263158,0.269230769231,0.731578947368,0.633333333333,0.247368421053
jellyfish-390sw,C90,21,0,0,0,0,6530,0.693751;0.289473684211,0.369230769231,0.405263157895,0.315384615385,0.257894736842,0.317948717949,0.4,0.371794871795,0.315789473684,0.364102564103,0.421052631579,0.410256410256,0.236842105263,0.276923076923,0.368421052632,0.353846153846,0.205263157895,0.289743589744,0.457894736842,0.474358974359,0.289473684211
jellyfish-390sw,MAX_CPU_N,21,0,0,0,0,6600,0.693751;0.347368421053,0.389743589744,0.357894736842,0.258974358974,0.326315789474,0.402564102564,0.384210526316,0.294871794872,0.431578947368,0.379487179487,0.468421052632,0.297435897436,0.484210526316,0.430769230769,0.410526315789,0.235897435897,0.452631578947,0.384615384615,0.431578947368,0.271794871795,0.452631578947
jellyfish-410sw,WATERFALL,4,3,0.00769230769231,0.00470085470085,0.00352564102564,4260,14.746453;0,0,0,0,0,0,0,1.00512820513,0,0,0,1.00128205128,0,0,0,1.00769230769,0,0,0,0.210256410256,0
jellyfish-410sw,BALANCED,21,0,0,0,0,7010,0.658389;0.647368421053,0.307692307692,0.568421052632,0.230769230769,0.615789473684,0.335897435897,0.468421052632,0.217948717949,0.668421052632,0.297435897436,0.594736842105,0.212820512821,0.668421052632,0.294871794872,0.515789473684,0.241025641026,0.615789473684,0.305128205128,0.547368421053,0.25641025641,0.515789473684
jellyfish-410sw,MAX_CPU,21,0,0,0,0,6780,0.658389;0.231578947368,0.258974358974,0.8,0.65641025641,0.284210526316,0.261538461538,0.721052631579,0.523076923077,0.310526315789,0.279487179487,0.773684210526,0.617948717949,0.310526315789,0.269230769231,0.747368421053,0.579487179487,0.278947368421,0.305128205128,0.805263157895,0.587179487179,0.310526315789
jellyfish-410sw,C90,21,0,0,0,0,6890,0.658389;0.242105263158,0.371794871795,0.436842105263,0.351282051282,0.294736842105,0.305128205128,0.489473684211,0.415384615385,0.242105263158,0.328205128205,0.463157894737,0.402564102564,0.3,0.358974358974,0.489473684211,0.392307692308,0.273684210526,0.34358974359,0.331578947368,0.464102564103,0.273684210526
jellyfish-410sw,MAX_CPU_N,21,0,0,0,0,6760,0.658389;0.357894736842,0.410256410256,0.394736842105,0.317948717949,0.384210526316,0.458974358974,0.389473684211,0.317948717949,0.415789473684,0.446153846154,0.389473684211,0.279487179487,0.468421052632,0.425641025641,0.368421052632,0.305128205128,0.352631578947,0.435897435897,0.363157894737,0.330769230769,0.468421052632
jellyfish-570sw,WATERFALL,5,0,0,0,0,6580,12.387285;0,0,0,0.75,0,0,0,0.984615384615,0,0,0,0.924358974359,0,0,0,0.930769230769,0,0,0,0.919230769231,0
jellyfish-570sw,BALANCED,21,0,0,0,0,9560,0.705441;0.847368421053,0.466666666667,0.805263157895,0.297435897436,0.873684210526,0.476923076923,0.752631578947,0.346153846154,0.852631578947,0.412820512821,0.673684210526,0.384615384615,0.873684210526,0.464102564103,0.757894736842,0.292307692308,0.852631578947,0.428205128205,0.605263157895,0.279487179487,0.747368421053
jellyfish-570sw,MAX_CPU,21,1,0.0210526315789,0.0210526315789,0.00100250626566,9210,0.705441;0.431578947368,0.423076923077,0.963157894737,0.823076923077,0.347368421053,0.397435897436,1.02105263158,0.869230769231,0.405263157895,0.374358974359,0.931578947368,0.894871794872,0.421052631579,0.371794871795,0.978947368421,0.812820512821,0.421052631579,0.397435897436,0.926315789474,0.817948717949,0.373684210526
jellyfish-570sw,C90,21,0,0,0,0,9180,0.705441;0.352631578947,0.44358974359,0.552631578947,0.617948717949,0.352631578947,0.469230769231,0.552631578947,0.561538461538,0.431578947368,0.471794871795,0.552631578947,0.594871794872,0.484210526316,0.507692307692,0.578947368421,0.523076923077,0.378947368421,0.469230769231,0.547368421053,0.541025641026,0.352631578947
jellyfish-570sw,MAX_CPU_N,21,0,0,0,0,9290,0.705441;0.610526315789,0.612820512821,0.478947368421,0.461538461538,0.478947368421,0.582051282051,0.468421052632,0.397435897436,0.584210526316,0.579487179487,0.421052631579,0.407692307692,0.610526315789,0.638461538462,0.642105263158,0.425641025641,0.642105263158,0.628205128205,0.473684210526,0.382051282051,0.542105263158
jellyfish-470sw,WATERFALL,4,0,0,0,0,5000,31.603423;0,0,0,0,0,0,0,0.980769230769,0,0,0,0.946153846154,0,0,0,0.879487179487,0,0,0,0.902564102564,0
jellyfish-470sw,BALANCED,21,0,0,0,0,7980,0.687162;0.778947368421,0.402564102564,0.710526315789,0.25641025641,0.821052631579,0.333333333333,0.647368421053,0.294871794872,0.7,0.335897435897,0.578947368421,0.230769230769,0.663157894737,0.317948717949,0.573684210526,0.179487179487,0.626315789474,0.407692307692,0.652631578947,0.24358974359,0.778947368421
jellyfish-470sw,MAX_CPU,21,0,0,0,0,7630,0.687162;0.363157894737,0.315384615385,0.878947368421,0.702564102564,0.331578947368,0.376923076923,0.884210526316,0.689743589744,0.436842105263,0.315384615385,0.810526315789,0.589743589744,0.310526315789,0.320512820513,0.894736842105,0.687179487179,0.278947368421,0.276923076923,0.773684210526,0.710256410256,0.357894736842
jellyfish-470sw,C90,21,0,0,0,0,7690,0.687162;0.294736842105,0.358974358974,0.489473684211,0.397435897436,0.342105263158,0.435897435897,0.563157894737,0.446153846154,0.378947368421,0.402564102564,0.489473684211,0.494871794872,0.263157894737,0.412820512821,0.305263157895,0.512820512821,0.3,0.379487179487,0.457894736842,0.502564102564,0.326315789474
jellyfish-470sw,MAX_CPU_N,21,0,0,0,0,7760,0.687162;0.494736842105,0.571794871795,0.442105263158,0.351282051282,0.447368421053,0.494871794872,0.515789473684,0.376923076923,0.5,0.528205128205,0.415789473684,0.351282051282,0.473684210526,0.497435897436,0.389473684211,0.346153846154,0.373684210526,0.415384615385,0.357894736842,0.379487179487,0.421052631579
fattree-61sw,WATERFALL,1,0,0,0,0,0,2.415259;0,0,0,0,0,0,0,0,0,0,0,0,0,0,0,0,0,0,0,0.411538461538,0
fattree-61sw,BALANCED,21,0,0,0,0,1260,0.689531;0.110526315789,0.0128205128205,0.0789473684211,0.0102564102564,0.0684210526316,0.0128205128205,0.147368421053,0.00512820512821,0.110526315789,0.0128205128205,0.136842105263,0.0205128205128,0.0315789473684,0.0128205128205,0.147368421053,0.0102564102564,0.110526315789,0.0128205128205,0.0789473684211,0.0384615384615,0.0894736842105
fattree-61sw,MAX_CPU,15,0,0,0,0,1130,0.689531;0,0.025641025641,0.194736842105,0.0717948717949,0.0684210526316,0.0128205128205,0.215789473684,0.0641025641026,0,0.0,0.215789473684,0.0538461538462,0,0.025641025641,0.194736842105,0.0846153846154,0,0.0128205128205,0.215789473684,0.0410256410256,0
fattree-61sw,C90,14,0,0,0,0,1020,0.689531;0,0.0128205128205,0.0789473684211,0.0666666666667,0,0.025641025641,0.1,0.0666666666667,0,0.0,0,0.0384615384615,0,0.025641025641,0.1,0.0384615384615,0,0.0384615384615,0.136842105263,0.0282051282051,0.0526315789474
fattree-61sw,MAX_CPU_N,16,0,0,0,0,1130,0.689531;0,0.0384615384615,0,0.0153846153846,0.0473684210526,0.025641025641,0.1,0.0153846153846,0.0684210526316,0.025641025641,0.1,0.0384615384615,0.0684210526316,0.0,0.136842105263,0.0564102564103,0.0473684210526,0.0,0,0.0384615384615,0.0684210526316
rocketfuel-631sw,WATERFALL,5,0,0,0,0,1180,36.428916;0,0,0,0.965384615385,0,0,0,0.991025641026,0,0,0,0.987179487179,0,0,0,0.937179487179,0,0,0,0.887179487179,0
rocketfuel-631sw,BALANCED,21,3,0.110526315789,0.0631578947368,0.00902255639098,6200,0.678596;0.763157894737,0.54358974359,0.978947368421,0.220512820513,1.04210526316,0.579487179487,1.11052631579,0.407692307692,0.836842105263,0.653846153846,0.694736842105,0.335897435897,1.03684210526,0.397435897436,0.536842105263,0.207692307692,0.721052631579,0.448717948718,0.652631578947,0.238461538462,0.810526315789
rocketfuel-631sw,MAX_CPU,21,5,0.278947368421,0.127881241565,0.0304479146584,5530,0.678596;0.652631578947,0.538461538462,1.23684210526,1.00256410256,0.373684210526,0.487179487179,0.926315789474,0.794871794872,0.6,0.464102564103,1.03684210526,0.969230769231,0.326315789474,0.348717948718,1.27894736842,0.784615384615,0.310526315789,0.346153846154,1.08421052632,0.697435897436,0.415789473684
rocketfuel-631sw,C90,21,0,0,0,0,6370,0.678596;0.315789473684,0.387179487179,0.436842105263,0.45641025641,0.357894736842,0.569230769231,0.410526315789,0.6,0.373684210526,0.558974358974,0.594736842105,0.828205128205,0.536842105263,0.684615384615,0.552631578947,0.469230769231,0.268421052632,0.55641025641,0.678947368421,0.592307692308,0.3
rocketfuel-631sw,MAX_CPU_N,21,0,0,0,0,6270,0.678596;0.826315789474,0.728205128205,0.394736842105,0.5,0.636842105263,0.528205128205,0.415789473684,0.302564102564,0.484210526316,0.551282051282,0.731578947368,0.520512820513,0.8,0.564102564103,0.415789473684,0.289743589744,0.568421052632,0.623076923077,0.626315789474,0.605128205128,0.694736842105
rocketfuel-172sw,WATERFALL,1,0,0,0,0,0,2.532091;0,0,0,0,0,0,0,0,0,0,0,0,0,0,0,0,0,0,0,0.997435897436,0
rocketfuel-172sw,BALANCED,21,0,0,0,0,1630,0.577351;0.194736842105,0.0358974358974,0.236842105263,0.0820512820513,0.231578947368,0.0589743589744,0.157894736842,0.0923076923077,0.205263157895,0.0641025641026,0.257894736842,0.0435897435897,0.221052631579,0.0282051282051,0.263157894737,0.0512820512821,0.184210526316,0.0538461538462,0.136842105263,0.0564102564103,0.152631578947
rocketfuel-172sw,MAX_CPU,21,0,0,0,0,1420,0.577351;0.173684210526,0.0128205128205,0.252631578947,0.192307692308,0.189473684211,0.0153846153846,0.294736842105,0.202564102564,0.163157894737,0.0435897435897,0.289473684211,0.194871794872,0.0736842105263,0.0128205128205,0.326315789474,0.210256410256,0.115789473684,0.0282051282051,0.289473684211,0.117948717949,0.0894736842105
rocketfuel-172sw,C90,21,0,0,0,0,1420,0.577351;0.0894736842105,0.0641025641026,0.184210526316,0.120512820513,0.147368421053,0.0384615384615,0.215789473684,0.133333333333,0.0894736842105,0.0846153846154,0.131578947368,0.148717948718,0.115789473684,0.0307692307692,0.236842105263,0.0589743589744,0.0631578947368,0.0589743589744,0.157894736842,0.123076923077,0.1
rocketfuel-172sw,MAX_CPU_N,21,0,0,0,0,1520,0.577351;0.168421052632,0.102564102564,0.205263157895,0.0666666666667,0.173684210526,0.1,0.126315789474,0.0820512820513,0.168421052632,0.112820512821,0.105263157895,0.0846153846154,0.110526315789,0.135897435897,0.0947368421053,0.0923076923077,0.115789473684,0.115384615385,0.184210526316,0.0410256410256,0.2
jellyfish-170sw,WATERFALL,2,1,0.00128205128205,0.00128205128205,0.000641025641026,940,8.067763;0,0,0,0,0,0,0,0,0,0,0,0,0,0,0,1.00128205128,0,0,0,0.34358974359,0
jellyfish-170sw,BALANCED,21,0,0,0,0,3240,0.628707;0.273684210526,0.0871794871795,0.231578947368,0.0923076923077,0.268421052632,0.0512820512821,0.284210526316,0.0897435897436,0.342105263158,0.0769230769231,0.273684210526,0.14358974359,0.242105263158,0.112820512821,0.257894736842,0.0769230769231,0.268421052632,0.0717948717949,0.178947368421,0.0769230769231,0.294736842105
jellyfish-170sw,MAX_CPU,21,0,0,0,0,3090,0.628707;0.131578947368,0.0769230769231,0.373684210526,0.294871794872,0.131578947368,0.120512820513,0.347368421053,0.228205128205,0.189473684211,0.0820512820513,0.363157894737,0.212820512821,0.157894736842,0.0692307692308,0.347368421053,0.246153846154,0.142105263158,0.0615384615385,0.336842105263,0.223076923077,0.0947368421053
jellyfish-170sw,C90,21,0,0,0,0,3040,0.628707;0.142105263158,0.0871794871795,0.252631578947,0.141025641026,0.131578947368,0.0974358974359,0.2,0.179487179487,0.152631578947,0.112820512821,0.231578947368,0.15641025641,0.126315789474,0.0769230769231,0.226315789474,0.141025641026,0.105263157895,0.0974358974359,0.257894736842,0.207692307692,0.1
jellyfish-170sw,MAX_CPU_N,21,0,0,0,0,3110,0.628707;0.2,0.192307692308,0.2,0.171794871795,0.252631578947,0.128205128205,0.163157894737,0.0948717948718,0.189473684211,0.14358974359,0.194736842105,0.117948717949,0.168421052632,0.169230769231,0.163157894737,0.120512820513,0.168421052632,0.130769230769,0.194736842105,0.107692307692,0.163157894737
jellyfish-530sw,WATERFALL,5,2,0.0025641025641,0.00192307692308,0.000769230769231,6050,25.317235;0,0,0,1.00256410256,0,0,0,0.991025641026,0,0,0,0.992307692308,0,0,0,0.182051282051,0,0,0,1.00128205128,0
jellyfish-530sw,BALANCED,21,0,0,0,0,8830,0.644003;0.773684210526,0.423076923077,0.657894736842,0.269230769231,0.884210526316,0.44358974359,0.736842105263,0.269230769231,0.989473684211,0.379487179487,0.689473684211,0.294871794872,0.773684210526,0.428205128205,0.584210526316,0.294871794872,0.8,0.353846153846,0.663157894737,0.271794871795,0.805263157895
jellyfish-530sw,MAX_CPU,21,1,0.0157894736842,0.0157894736842,0.000751879699248,8590,0.644003;0.405263157895,0.374358974359,0.963157894737,0.828205128205,0.384210526316,0.330769230769,0.789473684211,0.782051282051,0.273684210526,0.4,1.01578947368,0.720512820513,0.363157894737,0.397435897436,0.963157894737,0.766666666667,0.431578947368,0.384615384615,0.857894736842,0.758974358974,0.336842105263
jellyfish-530sw,C90,21,0,0,0,0,8720,0.644003;0.368421052632,0.441025641026,0.531578947368,0.576923076923,0.368421052632,0.482051282051,0.478947368421,0.458974358974,0.284210526316,0.497435897436,0.563157894737,0.469230769231,0.342105263158,0.430769230769,0.615789473684,0.530769230769,0.426315789474,0.471794871795,0.531578947368,0.469230769231,0.336842105263
jellyfish-530sw,MAX_CPU_N,21,0,0,0,0,8770,0.644003;0.484210526316,0.54358974359,0.547368421053,0.438461538462,0.478947368421,0.569230769231,0.410526315789,0.423076923077,0.557894736842,0.5,0.521052631579,0.335897435897,0.563157894737,0.533333333333,0.494736842105,0.423076923077,0.542105263158,0.538461538462,0.563157894737,0.407692307692,0.531578947368
fattree-211sw,WATERFALL,3,0,0,0,0,2990,6.702276;0,0,0,0,0,0,0,0,0,0,0,0.964102564103,0,0,0,0.955128205128,0,0,0,0.152564102564,0
fattree-211sw,BALANCED,21,0,0,0,0,6520,0.664985;0.484210526316,0.223076923077,0.389473684211,0.0769230769231,0.363157894737,0.164102564103,0.252631578947,0.161538461538,0.336842105263,0.189743589744,0.405263157895,0.164102564103,0.484210526316,0.153846153846,0.231578947368,0.153846153846,0.489473684211,0.228205128205,0.410526315789,0.161538461538,0.336842105263
fattree-211sw,MAX_CPU,20,0,0,0,0,6570,0.664985;0.231578947368,0.164102564103,0.542105263158,0.402564102564,0.152631578947,0.130769230769,0.463157894737,0.476923076923,0.168421052632,0.197435897436,0.610526315789,0.376923076923,0.231578947368,0.133333333333,0.605263157895,0.451282051282,0.221052631579,0.169230769231,0.610526315789,0.407692307692,0
fattree-211sw,C90,20,0,0,0,0,6360,0.664985;0.121052631579,0.246153846154,0.305263157895,0.233333333333,0.215789473684,0.174358974359,0.210526315789,0.261538461538,0.168421052632,0.24358974359,0.363157894737,0.215384615385,0.173684210526,0.246153846154,0.363157894737,0.223076923077,0.163157894737,0.24358974359,0.363157894737,0.223076923077,0
fattree-211sw,MAX_CPU_N,21,0,0,0,0,6560,0.664985;0.236842105263,0.215384615385,0.326315789474,0.220512820513,0.315789473684,0.215384615385,0.189473684211,0.192307692308,0.363157894737,0.223076923077,0.326315789474,0.182051282051,0.242105263158,0.246153846154,0.326315789474,0.194871794872,0.363157894737,0.292307692308,0.342105263158,0.194871794872,0.194736842105
fattree-125sw,WATERFALL,2,0,0,0,0,300,4.846232;0,0,0,0,0,0,0,0,0,0,0,0,0,0,0,0.966666666667,0,0,0,0.0884615384615,0
fattree-125sw,BALANCED,21,0,0,0,0,3440,0.642941;0.2,0.0564102564103,0.257894736842,0.0923076923077,0.184210526316,0.0307692307692,0.147368421053,0.0923076923077,0.273684210526,0.0384615384615,0.257894736842,0.0384615384615,0.273684210526,0.0333333333333,0.2,0.074358974359,0.215789473684,0.0666666666667,0.278947368421,0.0358974358974,0.215789473684
fattree-125sw,MAX_CPU,20,0,0,0,0,3280,0.642941;0.1,0.0333333333333,0.3,0.202564102564,0.0684210526316,0.0384615384615,0.363157894737,0.161538461538,0.126315789474,0.0641025641026,0.363157894737,0.189743589744,0.126315789474,0.0948717948718,0.321052631579,0.189743589744,0.126315789474,0.0948717948718,0.373684210526,0.169230769231,0
fattree-125sw,C90,21,0,0,0,0,3190,0.642941;0.0842105263158,0.0897435897436,0.2,0.0692307692308,0.126315789474,0.0897435897436,0.147368421053,0.0871794871795,0.126315789474,0.0871794871795,0.163157894737,0.0871794871795,0.0842105263158,0.0897435897436,0.163157894737,0.14358974359,0.126315789474,0.0871794871795,0.2,0.125641025641,0.126315789474
fattree-125sw,MAX_CPU_N,21,0,0,0,0,3100,0.642941;0.142105263158,0.074358974359,0.2,0.117948717949,0.126315789474,0.107692307692,0.147368421053,0.117948717949,0.142105263158,0.074358974359,0.163157894737,0.0538461538462,0.126315789474,0.138461538462,0.2,0.117948717949,0.142105263158,0.107692307692,0.147368421053,0.117948717949,0.142105263158
rocketfuel-240sw,WATERFALL,2,0,0,0,0,40,4.517953;0,0,0,0,0,0,0,0,0,0,0,0,0,0,0,0.762820512821,0,0,0,0.544871794872,0
rocketfuel-240sw,BALANCED,21,0,0,0,0,1590,0.633197;0.173684210526,0.0564102564103,0.163157894737,0.0461538461538,0.226315789474,0.0692307692308,0.136842105263,0.0589743589744,0.157894736842,0.0692307692308,0.263157894737,0.133333333333,0.321052631579,0.112820512821,0.294736842105,0.123076923077,0.226315789474,0.141025641026,0.189473684211,0.135897435897,0.410526315789
rocketfuel-240sw,MAX_CPU,21,0,0,0,0,1460,0.633197;0.0842105263158,0.0128205128205,0.310526315789,0.141025641026,0.126315789474,0.0461538461538,0.252631578947,0.15641025641,0.0947368421053,0.0487179487179,0.410526315789,0.25641025641,0.147368421053,0.0692307692308,0.452631578947,0.261538461538,0.142105263158,0.141025641026,0.357894736842,0.312820512821,0.205263157895
rocketfuel-240sw,C90,20,0,0,0,0,1380,0.633197;0.0894736842105,0.1,0.115789473684,0.0948717948718,0.115789473684,0.0564102564103,0.147368421053,0.107692307692,0,0.0487179487179,0.247368421053,0.192307692308,0.110526315789,0.138461538462,0.3,0.184615384615,0.0842105263158,0.220512820513,0.221052631579,0.233333333333,0.126315789474
rocketfuel-240sw,MAX_CPU_N,21,0,0,0,0,1470,0.633197;0.126315789474,0.0974358974359,0.131578947368,0.0974358974359,0.1,0.130769230769,0.110526315789,0.0846153846154,0.121052631579,0.0717948717949,0.210526315789,0.135897435897,0.247368421053,0.158974358974,0.242105263158,0.151282051282,0.205263157895,0.241025641026,0.263157894737,0.135897435897,0.205263157895
jellyfish-510sw,WATERFALL,4,2,0.00769230769231,0.00576923076923,0.00288461538462,5610,32.451267;0,0,0,0,0,0,0,0.998717948718,0,0,0,1.00769230769,0,0,0,1.00384615385,0,0,0,0.991025641026,0
jellyfish-510sw,BALANCED,21,0,0,0,0,8590,0.660950;0.910526315789,0.351282051282,0.705263157895,0.266666666667,0.710526315789,0.353846153846,0.705263157895,0.225641025641,0.7,0.387179487179,0.731578947368,0.294871794872,0.768421052632,0.441025641026,0.647368421053,0.202564102564,0.863157894737,0.394871794872,0.757894736842,0.241025641026,0.852631578947
jellyfish-510sw,MAX_CPU,21,0,0,0,0,8360,0.660950;0.457894736842,0.338461538462,0.942105263158,0.766666666667,0.331578947368,0.346153846154,0.931578947368,0.679487179487,0.442105263158,0.323076923077,0.852631578947,0.64358974359,0.373684210526,0.394871794872,0.936842105263,0.735897435897,0.378947368421,0.341025641026,0.926315789474,0.75641025641,0.394736842105
jellyfish-510sw,C90,21,0,0,0,0,8210,0.660950;0.315789473684,0.389743589744,0.552631578947,0.515384615385,0.268421052632,0.461538461538,0.521052631579,0.538461538462,0.315789473684,0.382051282051,0.505263157895,0.592307692308,0.278947368421,0.482051282051,0.531578947368,0.464102564103,0.394736842105,0.430769230769,0.473684210526,0.474358974359,0.331578947368
jellyfish-510sw,MAX_CPU_N,21,0,0,0,0,8420,0.660950;0.568421052632,0.45641025641,0.4,0.412820512821,0.552631578947,0.458974358974,0.452631578947,0.417948717949,0.663157894737,0.45641025641,0.452631578947,0.412820512821,0.578947368421,0.523076923077,0.378947368421,0.402564102564,0.547368421053,0.55641025641,0.457894736842,0.387179487179,0.547368421053
fattree-361sw,WATERFALL,5,0,0,0,0,9490,21.409569;0,0,0,0.988461538462,0,0,0,0.998717948718,0,0,0,0.897435897436,0,0,0,0.998717948718,0,0,0,0.44358974359,0
fattree-361sw,BALANCED,21,0,0,0,0,12160,0.671820;0.915789473684,0.451282051282,0.678947368421,0.194871794872,0.915789473684,0.451282051282,0.652631578947,0.292307692308,0.726315789474,0.451282051282,0.652631578947,0.194871794872,0.921052631579,0.453846153846,0.684210526316,0.274358974359,0.873684210526,0.430769230769,0.684210526316,0.274358974359,0.810526315789
fattree-361sw,MAX_CPU,21,5,0.0473684210526,0.0431578947368,0.0102756892231,13000,0.671820;0.473684210526,0.433333333333,1.04210526316,0.746153846154,0.473684210526,0.333333333333,1.03684210526,0.8,0.352631578947,0.430769230769,1.04210526316,0.774358974359,0.484210526316,0.341025641026,1.04736842105,0.876923076923,0.421052631579,0.379487179487,1.04736842105,0.774358974359,0.484210526316
fattree-361sw,C90,21,0,0,0,0,13000,0.671820;0.431578947368,0.525641025641,0.521052631579,0.446153846154,0.357894736842,0.376923076923,0.521052631579,0.474358974359,0.357894736842,0.492307692308,0.573684210526,0.448717948718,0.426315789474,0.376923076923,0.573684210526,0.54358974359,0.426315789474,0.407692307692,0.573684210526,0.458974358974,0.489473684211
fattree-361sw,MAX_CPU_N,21,0,0,0,0,13430,0.671820;0.489473684211,0.576923076923,0.489473684211,0.389743589744,0.621052631579,0.484615384615,0.547368421053,0.25641025641,0.621052631579,0.579487179487,0.547368421053,0.284615384615,0.684210526316,0.520512820513,0.547368421053,0.358974358974,0.7,0.628205128205,0.568421052632,0.348717948718,0.489473684211
jellyfish-630sw,WATERFALL,5,0,0,0,0,7470,46.924610;0,0,0,0.992307692308,0,0,0,1.0,0,0,0,0.998717948718,0,0,0,0.971794871795,0,0,0,0.984615384615,0
jellyfish-630sw,BALANCED,21,1,0.0789473684211,0.0789473684211,0.00375939849624,10480,0.720590;0.968421052632,0.482051282051,0.731578947368,0.317948717949,0.989473684211,0.525641025641,0.868421052632,0.320512820513,0.994736842105,0.489743589744,0.768421052632,0.358974358974,0.947368421053,0.505128205128,0.815789473684,0.335897435897,0.789473684211,0.507692307692,0.678947368421,0.34358974359,1.07894736842
jellyfish-630sw,MAX_CPU,21,5,0.173684210526,0.106315789474,0.025313283208,10030,0.720590;0.468421052632,0.45641025641,1.17368421053,0.933333333333,0.478947368421,0.430769230769,1.08947368421,0.9,0.4,0.469230769231,1.05263157895,0.925641025641,0.415789473684,0.387179487179,1.05263157895,0.864102564103,0.442105263158,0.389743589744,1.16315789474,0.933333333333,0.421052631579
jellyfish-630sw,C90,21,0,0,0,0,9980,0.720590;0.510526315789,0.523076923077,0.673684210526,0.687179487179,0.463157894737,0.551282051282,0.542105263158,0.617948717949,0.484210526316,0.469230769231,0.626315789474,0.597435897436,0.505263157895,0.510256410256,0.568421052632,0.633333333333,0.405263157895,0.469230769231,0.547368421053,0.658974358974,0.373684210526
jellyfish-630sw,MAX_CPU_N,21,0,0,0,0,10280,0.720590;0.694736842105,0.684615384615,0.573684210526,0.453846153846,0.694736842105,0.620512820513,0.552631578947,0.430769230769,0.705263157895,0.682051282051,0.605263157895,0.397435897436,0.810526315789,0.65641025641,0.447368421053,0.441025641026,0.626315789474,0.612820512821,0.626315789474,0.405128205128,0.736842105263
jellyfish-50sw,WATERFALL,1,0,0,0,0,0,2.382223;0,0,0,0,0,0,0,0,0,0,0,0,0,0,0,0,0,0,0,0.412820512821,0
jellyfish-50sw,BALANCED,20,0,0,0,0,1180,0.593264;0.105263157895,0.0384615384615,0.136842105263,0.0333333333333,0.0789473684211,0.0128205128205,0.110526315789,0,0.0578947368421,0.025641025641,0.105263157895,0.0205128205128,0.0736842105263,0.0128205128205,0.110526315789,0.00512820512821,0.105263157895,0.0128205128205,0.105263157895,0.00769230769231,0.121052631579
jellyfish-50sw,MAX_CPU,15,0,0,0,0,1070,0.593264;0,0.025641025641,0.205263157895,0.102564102564,0,0.025641025641,0.178947368421,0.0461538461538,0,0.0128205128205,0.178947368421,0.0692307692308,0,0.025641025641,0.205263157895,0.0769230769231,0,0.0128205128205,0.163157894737,0.0846153846154,0
jellyfish-50sw,C90,14,0,0,0,0,1010,0.593264;0,0.0128205128205,0,0.0487179487179,0.0578947368421,0.025641025641,0,0.0512820512821,0,0.0128205128205,0.105263157895,0.0615384615385,0,0.025641025641,0.1,0.0615384615385,0,0.025641025641,0.0789473684211,0.0769230769231,0
jellyfish-50sw,MAX_CPU_N,16,0,0,0,0,1100,0.593264;0.0736842105263,0.0128205128205,0,0.0435897435897,0.0473684210526,0.0128205128205,0,0.0410256410256,0.1,0.025641025641,0.105263157895,0.0282051282051,0,0.0128205128205,0,0.0564102564103,0.0684210526316,0.025641025641,0.131578947368,0.0512820512821,0
fattree-451sw,WATERFALL,7,0,0,0,0,14400,9.441436;0,0,0,0.970512820513,0,0,0,0.970512820513,0,0,0,0.970512820513,0,0.917948717949,0,0.970512820513,0,0.917948717949,0,0.970512820513,0
fattree-451sw,BALANCED,21,5,0.273684210526,0.218947368421,0.0521303258145,17680,0.674778;1.21578947368,0.55641025641,0.847368421053,0.376923076923,1.15789473684,0.605128205128,0.605263157895,0.258974358974,1.27368421053,0.641025641026,0.852631578947,0.266666666667,0.968421052632,0.641025641026,0.921052631579,0.379487179487,1.22631578947,0.582051282051,0.852631578947,0.379487179487,1.22105263158
fattree-451sw,MAX_CPU,21,10,0.347368421053,0.218299595142,0.103952188163,17600,0.674778;0.563157894737,0.438461538462,1.34736842105,1.08461538462,0.626315789474,0.438461538462,1.34736842105,1.05641025641,0.626315789474,0.564102564103,1.34736842105,1.15128205128,0.626315789474,0.438461538462,1.34736842105,1.02820512821,0.689473684211,0.44358974359,1.34736842105,1.12564102564,0.689473684211
fattree-451sw,C90,21,0,0,0,0,17400,0.674778;0.563157894737,0.676923076923,0.710526315789,0.5,0.442105263158,0.5,0.710526315789,0.810256410256,0.568421052632,0.535897435897,0.710526315789,0.569230769231,0.568421052632,0.5,0.710526315789,0.692307692308,0.636842105263,0.625641025641,0.710526315789,0.576923076923,0.631578947368
fattree-451sw,MAX_CPU_N,21,0,0,0,0,16880,0.674778;0.9,0.623076923077,0.678947368421,0.430769230769,0.9,0.6,0.678947368421,0.587179487179,0.831578947368,0.6,0.678947368421,0.458974358974,0.831578947368,0.605128205128,0.678947368421,0.487179487179,0.852631578947,0.8,0.684210526316,0.471794871795,0.905263157895
jellyfish-110sw,WATERFALL,1,0,0,0,0,0,2.449189;0,0,0,0,0,0,0,0,0,0,0,0,0,0,0,0,0,0,0,0.873076923077,0
jellyfish-110sw,BALANCED,20,0,0,0,0,2190,0.654254;0.189473684211,0.0384615384615,0.194736842105,0.0615384615385,0.2,0.025641025641,0.184210526316,0.0769230769231,0.189473684211,0.025641025641,0.194736842105,0.0487179487179,0.163157894737,0.025641025641,0.194736842105,0.0410256410256,0.189473684211,0.0,0.226315789474,0.0358974358974,0.221052631579
jellyfish-110sw,MAX_CPU,20,0,0,0,0,2100,0.654254;0.110526315789,0.0384615384615,0.273684210526,0.164102564103,0.0842105263158,0.025641025641,0.321052631579,0.169230769231,0.0789473684211,0.0384615384615,0.289473684211,0.146153846154,0,0.0128205128205,0.3,0.135897435897,0.110526315789,0.0384615384615,0.3,0.151282051282,0.0526315789474
jellyfish-110sw,C90,20,0,0,0,0,2080,0.654254;0.0526315789474,0.0717948717949,0.152631578947,0.138461538462,0.0842105263158,0.0512820512821,0.126315789474,0.138461538462,0.0526315789474,0.0435897435897,0.184210526316,0.0871794871795,0.110526315789,0.0179487179487,0.131578947368,0.112820512821,0,0.0282051282051,0.184210526316,0.0846153846154,0.1
jellyfish-110sw,MAX_CPU_N,21,0,0,0,0,2120,0.654254;0.131578947368,0.0769230769231,0.178947368421,0.0692307692308,0.126315789474,0.0589743589744,0.147368421053,0.0692307692308,0.163157894737,0.0666666666667,0.142105263158,0.074358974359,0.157894736842,0.0692307692308,0.136842105263,0.0846153846154,0.121052631579,0.0666666666667,0.126315789474,0.0589743589744,0.131578947368
jellyfish-270sw,WATERFALL,3,0,0,0,0,2250,6.521737;0,0,0,0,0,0,0,0,0,0,0,0.976923076923,0,0,0,0.976923076923,0,0,0,0.175641025641,0
jellyfish-270sw,BALANCED,21,0,0,0,0,4890,0.646298;0.457894736842,0.192307692308,0.315789473684,0.14358974359,0.326315789474,0.192307692308,0.468421052632,0.169230769231,0.384210526316,0.161538461538,0.363157894737,0.105128205128,0.457894736842,0.179487179487,0.389473684211,0.115384615385,0.473684210526,0.146153846154,0.389473684211,0.194871794872,0.489473684211
jellyfish-270sw,MAX_CPU,21,0,0,0,0,4670,0.646298;0.252631578947,0.135897435897,0.636842105263,0.433333333333,0.178947368421,0.166666666667,0.515789473684,0.34358974359,0.252631578947,0.161538461538,0.484210526316,0.448717948718,0.173684210526,0.15641025641,0.531578947368,0.389743589744,0.147368421053,0.151282051282,0.557894736842,0.397435897436,0.121052631579
jellyfish-270sw,C90,21,0,0,0,0,4640,0.646298;0.194736842105,0.210256410256,0.326315789474,0.235897435897,0.184210526316,0.220512820513,0.352631578947,0.264102564103,0.189473684211,0.220512820513,0.3,0.328205128205,0.215789473684,0.233333333333,0.378947368421,0.212820512821,0.136842105263,0.151282051282,0.242105263158,0.253846153846,0.215789473684
jellyfish-270sw,MAX_CPU_N,21,0,0,0,0,4830,0.646298;0.257894736842,0.310256410256,0.342105263158,0.179487179487,0.189473684211,0.315384615385,0.310526315789,0.217948717949,0.231578947368,0.261538461538,0.263157894737,0.266666666667,0.331578947368,0.233333333333,0.205263157895,0.230769230769,0.231578947368,0.248717948718,0.184210526316,0.207692307692,0.3
jellyfish-350sw,WATERFALL,3,0,0,0,0,3180,17.571889;0,0,0,0,0,0,0,0,0,0,0,0.961538461538,0,0,0,0.901282051282,0,0,0,0.901282051282,0
jellyfish-350sw,BALANCED,21,0,0,0,0,6150,0.663392;0.484210526316,0.238461538462,0.489473684211,0.135897435897,0.542105263158,0.274358974359,0.484210526316,0.187179487179,0.505263157895,0.251282051282,0.489473684211,0.2,0.557894736842,0.274358974359,0.536842105263,0.2,0.568421052632,0.264102564103,0.484210526316,0.174358974359,0.536842105263
jellyfish-350sw,MAX_CPU,21,0,0,0,0,5900,0.663392;0.226315789474,0.205128205128,0.663157894737,0.510256410256,0.178947368421,0.264102564103,0.621052631579,0.482051282051,0.236842105263,0.233333333333,0.584210526316,0.525641025641,0.284210526316,0.258974358974,0.636842105263,0.520512820513,0.252631578947,0.248717948718,0.663157894737,0.548717948718,0.257894736842
jellyfish-350sw,C90,21,0,0,0,0,5830,0.663392;0.252631578947,0.305128205128,0.436842105263,0.341025641026,0.189473684211,0.328205128205,0.357894736842,0.387179487179,0.215789473684,0.297435897436,0.331578947368,0.34358974359,0.226315789474,0.287179487179,0.357894736842,0.325641025641,0.2,0.294871794872,0.410526315789,0.325641025641,0.189473684211
jellyfish-350sw,MAX_CPU_N,21,0,0,0,0,5940,0.663392;0.3,0.371794871795,0.4,0.269230769231,0.426315789474,0.351282051282,0.347368421053,0.235897435897,0.405263157895,0.305128205128,0.305263157895,0.310256410256,0.431578947368,0.320512820513,0.321052631579,0.246153846154,0.305263157895,0.369230769231,0.373684210526,0.271794871795,0.389473684211
jellyfish-210sw,WATERFALL,2,0,0,0,0,1380,6.290134;0,0,0,0,0,0,0,0,0,0,0,0.678205128205,0,0,0,0.987179487179,0,0,0,0,0
jellyfish-210sw,BALANCED,21,0,0,0,0,3910,0.621441;0.436842105263,0.115384615385,0.289473684211,0.115384615385,0.342105263158,0.112820512821,0.357894736842,0.0897435897436,0.357894736842,0.138461538462,0.252631578947,0.110256410256,0.247368421053,0.115384615385,0.415789473684,0.141025641026,0.278947368421,0.153846153846,0.247368421053,0.0769230769231,0.363157894737
jellyfish-210sw,MAX_CPU,21,0,0,0,0,3760,0.621441;0.136842105263,0.0948717948718,0.4,0.248717948718,0.121052631579,0.0769230769231,0.510526315789,0.289743589744,0.157894736842,0.0974358974359,0.447368421053,0.328205128205,0.152631578947,0.0923076923077,0.478947368421,0.325641025641,0.173684210526,0.158974358974,0.431578947368,0.333333333333,0.194736842105
jellyfish-210sw,C90,21,0,0,0,0,3770,0.621441;0.205263157895,0.158974358974,0.147368421053,0.223076923077,0.142105263158,0.130769230769,0.247368421053,0.169230769231,0.147368421053,0.130769230769,0.273684210526,0.276923076923,0.152631578947,0.192307692308,0.221052631579,0.197435897436,0.142105263158,0.151282051282,0.226315789474,0.194871794872,0.147368421053
jellyfish-210sw,MAX_CPU_N,21,0,0,0,0,3830,0.621441;0.189473684211,0.215384615385,0.184210526316,0.117948717949,0.210526315789,0.176923076923,0.263157894737,0.133333333333,0.189473684211,0.210256410256,0.263157894737,0.133333333333,0.210526315789,0.217948717949,0.189473684211,0.171794871795,0.236842105263,0.217948717949,0.268421052632,0.171794871795,0.268421052632
jellyfish-590sw,WATERFALL,5,0,0,0,0,6870,12.581475;0,0,0,0.992307692308,0,0,0,0.973076923077,0,0,0,0.984615384615,0,0,0,0.937179487179,0,0,0,0.767948717949,0
jellyfish-590sw,BALANCED,21,0,0,0,0,9920,0.693416;0.831578947368,0.433333333333,0.868421052632,0.338461538462,0.931578947368,0.433333333333,0.852631578947,0.338461538462,0.873684210526,0.494871794872,0.7,0.3,0.910526315789,0.433333333333,0.821052631579,0.315384615385,0.905263157895,0.476923076923,0.663157894737,0.271794871795,0.873684210526
jellyfish-590sw,MAX_CPU,21,3,0.115789473684,0.0649122807018,0.00927318295739,9630,0.693416;0.452631578947,0.417948717949,1.01052631579,0.869230769231,0.494736842105,0.379487179487,0.921052631579,0.828205128205,0.431578947368,0.358974358974,1.11578947368,0.897435897436,0.468421052632,0.410256410256,1.06842105263,0.810256410256,0.452631578947,0.417948717949,1.0,0.833333333333,0.384210526316
jellyfish-590sw,C90,21,0,0,0,0,9400,0.693416;0.415789473684,0.469230769231,0.636842105263,0.628205128205,0.321052631579,0.44358974359,0.584210526316,0.615384615385,0.389473684211,0.5,0.526315789474,0.615384615385,0.415789473684,0.517948717949,0.636842105263,0.589743589744,0.368421052632,0.441025641026,0.578947368421,0.594871794872,0.368421052632
jellyfish-590sw,MAX_CPU_N,21,0,0,0,0,9720,0.693416;0.626315789474,0.633333333333,0.542105263158,0.420512820513,0.768421052632,0.628205128205,0.589473684211,0.515384615385,0.515789473684,0.592307692308,0.563157894737,0.4,0.615789473684,0.620512820513,0.505263157895,0.387179487179,0.521052631579,0.535897435897,0.536842105263,0.430769230769,0.626315789474
jellyfish-650sw,WATERFALL,6,4,0.00897435897436,0.00512820512821,0.0034188034188,7910,28.487335;0,0,0,1.00897435897,0,0,0,1.00128205128,0,0,0,0.958974358974,0,0,0,1.00384615385,0,0.228205128205,0,1.00641025641,0
jellyfish-650sw,BALANCED,21,3,0.0368421052632,0.0333333333333,0.0047619047619,10660,0.708613;0.878947368421,0.466666666667,0.721052631579,0.3,1.03684210526,0.482051282051,0.9,0.420512820513,0.973684210526,0.484615384615,0.910526315789,0.379487179487,1.02631578947,0.466666666667,0.7,0.364102564103,1.03684210526,0.551282051282,0.884210526316,0.335897435897,0.984210526316
jellyfish-650sw,MAX_CPU,21,6,0.194736842105,0.0942645074224,0.0269327164064,10380,0.708613;0.426315789474,0.482051282051,1.14736842105,0.946153846154,0.352631578947,0.402564102564,1.05789473684,0.905128205128,0.478947368421,0.482051282051,1.19473684211,0.987179487179,0.484210526316,0.430769230769,1.07894736842,1.00769230769,0.489473684211,0.446153846154,1.07894736842,0.897435897436,0.431578947368
jellyfish-650sw,C90,21,0,0,0,0,10430,0.708613;0.463157894737,0.523076923077,0.742105263158,0.687179487179,0.389473684211,0.535897435897,0.657894736842,0.615384615385,0.468421052632,0.535897435897,0.610526315789,0.702564102564,0.557894736842,0.551282051282,0.715789473684,0.615384615385,0.421052631579,0.520512820513,0.552631578947,0.564102564103,0.389473684211
jellyfish-650sw,MAX_CPU_N,21,0,0,0,0,10670,0.708613;0.705263157895,0.64358974359,0.663157894737,0.538461538462,0.652631578947,0.674358974359,0.589473684211,0.484615384615,0.694736842105,0.633333333333,0.610526315789,0.535897435897,0.657894736842,0.625641025641,0.578947368421,0.482051282051,0.626315789474,0.592307692308,0.578947368421,0.466666666667,0.647368421053
fattree-45sw,WATERFALL,1,0,0,0,0,0,2.330195;0,0,0,0,0,0,0,0,0,0,0,0,0,0,0,0,0,0,0,0.3,0
fattree-45sw,BALANCED,17,0,0,0,0,810,0.537936;0.105263157895,0,0.110526315789,0.00512820512821,0.0473684210526,0.0128205128205,0.131578947368,0.0307692307692,0.0473684210526,0.0128205128205,0.131578947368,0,0.105263157895,0,0.0736842105263,0.0153846153846,0.105263157895,0.0,0.110526315789,0.0153846153846,0.0473684210526
fattree-45sw,MAX_CPU,13,0,0,0,0,660,0.537936;0,0,0,0.0487179487179,0,0.0128205128205,0.163157894737,0.0769230769231,0,0.0128205128205,0.147368421053,0.0769230769231,0.0473684210526,0.0128205128205,0,0.0769230769231,0.0263157894737,0.0,0.147368421053,0.0769230769231,0
fattree-45sw,C90,12,0,0,0,0,720,0.537936;0,0.0128205128205,0.0947368421053,0.0410256410256,0,0.0,0,0.0538461538462,0,0.0,0.0947368421053,0.0410256410256,0.0473684210526,0.025641025641,0,0.0205128205128,0,0.0128205128205,0.0947368421053,0.0538461538462,0
fattree-45sw,MAX_CPU_N,13,0,0,0,0,730,0.537936;0,0.025641025641,0.0736842105263,0.0102564102564,0,0.0384615384615,0,0.0358974358974,0,0.0128205128205,0.0947368421053,0.025641025641,0,0.025641025641,0,0.025641025641,0,0.025641025641,0,0.0358974358974,0.0684210526316
fattree-605sw,WATERFALL,13,1,0.00769230769231,0.00769230769231,0.000591715976331,25850,17.893617;0,0.979487179487,0,0.984615384615,0,0.951282051282,0,0.970512820513,0,1.00769230769,0.992105263158,0.998717948718,0,0.951282051282,0.931578947368,0.998717948718,0,0.979487179487,0.963157894737,0.984615384615,0
fattree-605sw,BALANCED,21,9,1.09473684211,0.613450292398,0.26290726817,26480,0.726617;1.51578947368,0.941025641026,0.878947368421,0.630769230769,1.85789473684,0.658974358974,1.45789473684,0.397435897436,1.74210526316,0.941025641026,0.847368421053,0.679487179487,1.51578947368,0.779487179487,1.45789473684,0.382051282051,1.74210526316,0.920512820513,1.13684210526,0.523076923077,2.09473684211
fattree-605sw,MAX_CPU,21,10,0.926315789474,0.71379217274,0.339901034638,27160,0.726617;0.878947368421,0.789743589744,1.63684210526,1.49487179487,0.936842105263,0.617948717949,1.86842105263,1.74871794872,0.710526315789,0.758974358974,1.86842105263,1.63333333333,0.878947368421,0.617948717949,1.92631578947,1.63333333333,0.936842105263,0.758974358974,1.57894736842,1.74871794872,0.936842105263
fattree-605sw,C90,21,2,0.1,0.0552631578947,0.00526315789474,26140,0.726617;0.936842105263,0.7,0.957894736842,0.805128205128,0.936842105263,0.841025641026,0.957894736842,1.1,0.936842105263,0.7,0.957894736842,0.958974358974,0.878947368421,0.723076923077,1.01052631579,0.958974358974,0.936842105263,0.841025641026,0.668421052632,0.951282051282,0.936842105263
fattree-605sw,MAX_CPU_N,21,7,0.310526315789,0.274956622325,0.0916522074417,25760,0.726617;1.31052631579,0.902564102564,0.926315789474,0.574358974359,1.31052631579,0.951282051282,0.926315789474,0.653846153846,1.31052631579,0.951282051282,0.926315789474,0.794871794872,1.31052631579,0.951282051282,0.926315789474,0.661538461538,1.31052631579,1.06153846154,0.926315789474,0.653846153846,1.31052631579
rocketfuel-201sw,WATERFALL,2,0,0,0,0,130,7.561902;0,0,0,0,0,0,0,0,0,0,0,0,0,0,0,0.478205128205,0,0,0,0.996153846154,0
rocketfuel-201sw,BALANCED,21,0,0,0,0,1630,0.660346;0.289473684211,0.0641025641026,0.457894736842,0.0769230769231,0.242105263158,0.0871794871795,0.247368421053,0.074358974359,0.289473684211,0.146153846154,0.247368421053,0.074358974359,0.368421052632,0.105128205128,0.194736842105,0.0871794871795,0.368421052632,0.110256410256,0.310526315789,0.0871794871795,0.336842105263
rocketfuel-201sw,MAX_CPU,21,0,0,0,0,1410,0.660346;0.152631578947,0.102564102564,0.3,0.266666666667,0.157894736842,0.0769230769231,0.415789473684,0.274358974359,0.215789473684,0.0769230769231,0.342105263158,0.333333333333,0.126315789474,0.0666666666667,0.368421052632,0.220512820513,0.163157894737,0.117948717949,0.373684210526,0.194871794872,0.152631578947
rocketfuel-201sw,C90,21,0,0,0,0,1300,0.660346;0.147368421053,0.120512820513,0.247368421053,0.176923076923,0.110526315789,0.117948717949,0.305263157895,0.161538461538,0.0894736842105,0.0871794871795,0.2,0.264102564103,0.173684210526,0.0769230769231,0.305263157895,0.15641025641,0.173684210526,0.0641025641026,0.173684210526,0.189743589744,0.205263157895
rocketfuel-201sw,MAX_CPU_N,21,0,0,0,0,1550,0.660346;0.210526315789,0.135897435897,0.252631578947,0.135897435897,0.268421052632,0.102564102564,0.157894736842,0.228205128205,0.126315789474,0.14358974359,0.194736842105,0.141025641026,0.263157894737,0.207692307692,0.194736842105,0.130769230769,0.184210526316,0.138461538462,0.194736842105,0.128205128205,0.221052631579
jellyfish-450sw,WATERFALL,4,0,0,0,0,4790,9.889180;0,0,0,0,0,0,0,0.691025641026,0,0,0,0.933333333333,0,0,0,0.982051282051,0,0,0,0.952564102564,0
jellyfish-450sw,BALANCED,21,0,0,0,0,7640,0.667859;0.810526315789,0.302564102564,0.642105263158,0.261538461538,0.663157894737,0.358974358974,0.584210526316,0.235897435897,0.789473684211,0.294871794872,0.457894736842,0.235897435897,0.784210526316,0.328205128205,0.647368421053,0.238461538462,0.705263157895,0.353846153846,0.568421052632,0.266666666667,0.573684210526
jellyfish-450sw,MAX_CPU,21,0,0,0,0,7430,0.667859;0.321052631579,0.310256410256,0.847368421053,0.610256410256,0.352631578947,0.297435897436,0.921052631579,0.592307692308,0.294736842105,0.335897435897,0.863157894737,0.707692307692,0.378947368421,0.323076923077,0.757894736842,0.592307692308,0.321052631579,0.335897435897,0.826315789474,0.602564102564,0.294736842105
jellyfish-450sw,C90,21,0,0,0,0,7380,0.667859;0.289473684211,0.4,0.447368421053,0.394871794872,0.289473684211,0.341025641026,0.478947368421,0.474358974359,0.268421052632,0.351282051282,0.447368421053,0.417948717949,0.315789473684,0.438461538462,0.505263157895,0.487179487179,0.231578947368,0.407692307692,0.368421052632,0.510256410256,0.284210526316
jellyfish-450sw,MAX_CPU_N,21,0,0,0,0,7490,0.667859;0.457894736842,0.45641025641,0.457894736842,0.292307692308,0.442105263158,0.433333333333,0.484210526316,0.346153846154,0.410526315789,0.453846153846,0.405263157895,0.34358974359,0.473684210526,0.458974358974,0.431578947368,0.353846153846,0.489473684211,0.533333333333,0.3,0.358974358974,0.489473684211
fattree-500sw,WATERFALL,9,0,0,0,0,17540,45.510484;0,0,0,0.996153846154,0,0.951282051282,0,0.996153846154,0,0.917948717949,0,0.996153846154,0,0.561538461538,0,0.996153846154,0,0.951282051282,0,0.984615384615,0
fattree-500sw,BALANCED,21,7,0.684210526316,0.360902255639,0.12030075188,21110,0.696741;1.51052631579,0.682051282051,0.921052631579,0.415384615385,1.21578947368,0.651282051282,0.715789473684,0.45641025641,1.39473684211,0.679487179487,0.705263157895,0.564102564103,1.21578947368,0.535897435897,1.23157894737,0.335897435897,1.27368421053,0.789743589744,0.826315789474,0.402564102564,1.68421052632
fattree-500sw,MAX_CPU,21,10,0.584210526316,0.391767881242,0.186556133925,20700,0.696741;0.531578947368,0.489743589744,1.52631578947,1.30256410256,0.710526315789,0.633333333333,1.52631578947,1.18974358974,0.710526315789,0.635897435897,1.52631578947,1.21538461538,0.710526315789,0.492307692308,1.58421052632,1.30256410256,0.768421052632,0.607692307692,1.52631578947,1.21794871795,0.710526315789
fattree-500sw,C90,21,0,0,0,0,20640,0.696741;0.652631578947,0.582051282051,0.805263157895,0.707692307692,0.652631578947,0.579487179487,0.805263157895,0.707692307692,0.710526315789,0.779487179487,0.805263157895,0.679487179487,0.652631578947,0.574358974359,0.915789473684,0.779487179487,0.531578947368,0.692307692308,0.805263157895,0.766666666667,0.710526315789
fattree-500sw,MAX_CPU_N,21,0,0,0,0,20260,0.696741;0.994736842105,0.928205128205,0.731578947368,0.433333333333,0.994736842105,0.697435897436,0.731578947368,0.661538461538,0.994736842105,0.702564102564,0.747368421053,0.546153846154,0.994736842105,0.679487179487,0.731578947368,0.65641025641,0.994736842105,0.789743589744,0.747368421053,0.528205128205,0.994736842105
fattree-180sw,WATERFALL,2,0,0,0,0,2040,3.100579;0,0,0,0,0,0,0,0,0,0,0,0,0,0,0,0.971794871795,0,0,0,0.757692307692,0
fattree-180sw,BALANCED,21,0,0,0,0,5360,0.651736;0.315789473684,0.102564102564,0.321052631579,0.128205128205,0.326315789474,0.161538461538,0.373684210526,0.0641025641026,0.257894736842,0.189743589744,0.373684210526,0.146153846154,0.431578947368,0.102564102564,0.184210526316,0.146153846154,0.431578947368,0.102564102564,0.373684210526,0.146153846154,0.221052631579
fattree-180sw,MAX_CPU,21,0,0,0,0,5200,0.651736;0.173684210526,0.138461538462,0.421052631579,0.333333333333,0.115789473684,0.102564102564,0.410526315789,0.371794871795,0.173684210526,0.166666666667,0.547368421053,0.246153846154,0.173684210526,0.164102564103,0.542105263158,0.333333333333,0.115789473684,0.166666666667,0.547368421053,0.307692307692,0.0789473684211
fattree-180sw,C90,19,0,0,0,0,4990,0.651736;0.115789473684,0.212820512821,0.278947368421,0.161538461538,0.173684210526,0.151282051282,0.163157894737,0.258974358974,0.173684210526,0.212820512821,0.278947368421,0.161538461538,0.173684210526,0.212820512821,0.278947368421,0.205128205128,0,0.187179487179,0.278947368421,0.205128205128,0
fattree-180sw,MAX_CPU_N,20,0,0,0,0,5920,0.651736;0.184210526316,0.197435897436,0.236842105263,0.158974358974,0.257894736842,0.2,0.221052631579,0.158974358974,0.257894736842,0.258974358974,0.236842105263,0.158974358974,0.257894736842,0.197435897436,0.221052631579,0.184615384615,0.184210526316,0.253846153846,0,0.176923076923,0.315789473684
jellyfish-430sw,WATERFALL,4,0,0,0,0,4630,22.410962;0,0,0,0,0,0,0,0.99358974359,0,0,0,0.998717948718,0,0,0,0.998717948718,0,0,0,0.397435897436,0
jellyfish-430sw,BALANCED,21,0,0,0,0,7390,0.644924;0.684210526316,0.320512820513,0.563157894737,0.246153846154,0.626315789474,0.35641025641,0.610526315789,0.233333333333,0.657894736842,0.320512820513,0.578947368421,0.24358974359,0.689473684211,0.35641025641,0.557894736842,0.233333333333,0.605263157895,0.294871794872,0.552631578947,0.207692307692,0.631578947368
jellyfish-430sw,MAX_CPU,21,0,0,0,0,7150,0.644924;0.289473684211,0.284615384615,0.821052631579,0.617948717949,0.257894736842,0.312820512821,0.768421052632,0.561538461538,0.342105263158,0.312820512821,0.768421052632,0.633333333333,0.321052631579,0.287179487179,0.768421052632,0.651282051282,0.257894736842,0.302564102564,0.852631578947,0.623076923077,0.294736842105
jellyfish-430sw,C90,21,0,0,0,0,7100,0.644924;0.310526315789,0.35641025641,0.442105263158,0.466666666667,0.231578947368,0.364102564103,0.468421052632,0.474358974359,0.310526315789,0.351282051282,0.389473684211,0.410256410256,0.305263157895,0.382051282051,0.442105263158,0.387179487179,0.278947368421,0.361538461538,0.521052631579,0.389743589744,0.257894736842
jellyfish-430sw,MAX_CPU_N,21,0,0,0,0,7170,0.644924;0.484210526316,0.441025641026,0.373684210526,0.325641025641,0.426315789474,0.451282051282,0.457894736842,0.361538461538,0.447368421053,0.382051282051,0.452631578947,0.282051282051,0.426315789474,0.430769230769,0.478947368421,0.351282051282,0.368421052632,0.425641025641,0.378947368421,0.361538461538,0.447368421053
fattree-551sw,WATERFALL,10,5,0.00897435897436,0.00692307692308,0.00346153846154,21020,88.617601;0,0.94358974359,0,1.00769230769,0,0.948717948718,0,0.969230769231,0,0.94358974359,0,1.00897435897,0,0.951282051282,0,1.00769230769,0,1.00256410256,0,1.00769230769,0
fattree-551sw,BALANCED,21,9,0.852631578947,0.420467836257,0.180200501253,24490,0.690486;1.35789473684,0.712820512821,1.02631578947,0.466666666667,1.54210526316,0.761538461538,1.2,0.371794871795,1.66315789474,0.787179487179,0.815789473684,0.607692307692,1.36315789474,0.648717948718,1.28421052632,0.464102564103,1.49473684211,0.712820512821,0.963157894737,0.379487179487,1.85263157895
fattree-551sw,MAX_CPU,21,10,0.731578947368,0.49363022942,0.235062014009,22970,0.690486;0.789473684211,0.692307692308,1.43157894737,1.28717948718,0.852631578947,0.692307692308,1.43157894737,1.41282051282,0.852631578947,0.664102564103,1.43157894737,1.58461538462,0.789473684211,0.54358974359,1.73157894737,1.46923076923,0.852631578947,0.54358974359,1.68947368421,1.46666666667,0.852631578947
fattree-551sw,C90,21,0,0,0,0,22890,0.690486;0.726315789474,0.802564102564,0.878947368421,0.707692307692,0.794736842105,0.648717948718,0.884210526316,0.858974358974,0.726315789474,0.8,0.884210526316,0.848717948718,0.794736842105,0.648717948718,0.878947368421,0.835897435897,0.615789473684,0.771794871795,0.605263157895,0.861538461538,0.742105263158
fattree-551sw,MAX_CPU_N,21,5,0.147368421053,0.141052631579,0.0335839598997,23140,0.690486;1.13684210526,0.85641025641,0.821052631579,0.584615384615,1.13684210526,0.825641025641,0.821052631579,0.717948717949,1.13684210526,0.766666666667,0.821052631579,0.579487179487,0.905263157895,0.861538461538,0.821052631579,0.705128205128,1.14736842105,0.869230769231,0.826315789474,0.594871794872,1.14736842105
jellyfish-130sw,WATERFALL,2,0,0,0,0,210,7.481982;0,0,0,0,0,0,0,0,0,0,0,0.0679487179487,0,0,0,0.952564102564,0,0,0,0,0
jellyfish-130sw,BALANCED,21,0,0,0,0,2530,0.636665;0.236842105263,0.0282051282051,0.205263157895,0.0666666666667,0.263157894737,0.0333333333333,0.231578947368,0.0692307692308,0.157894736842,0.0641025641026,0.221052631579,0.0794871794872,0.157894736842,0.0358974358974,0.184210526316,0.105128205128,0.184210526316,0.0564102564103,0.157894736842,0.0923076923077,0.205263157895
jellyfish-130sw,MAX_CPU,21,0,0,0,0,2430,0.636665;0.136842105263,0.025641025641,0.321052631579,0.166666666667,0.0789473684211,0.0461538461538,0.310526315789,0.171794871795,0.1,0.0641025641026,0.278947368421,0.164102564103,0.0842105263158,0.0512820512821,0.373684210526,0.182051282051,0.0631578947368,0.0384615384615,0.336842105263,0.192307692308,0.105263157895
jellyfish-130sw,C90,21,0,0,0,0,2430,0.636665;0.0947368421053,0.112820512821,0.189473684211,0.107692307692,0.110526315789,0.0666666666667,0.184210526316,0.120512820513,0.0789473684211,0.0769230769231,0.189473684211,0.110256410256,0.0526315789474,0.0717948717949,0.163157894737,0.110256410256,0.0578947368421,0.0615384615385,0.157894736842,0.148717948718,0.0842105263158
jellyfish-130sw,MAX_CPU_N,21,0,0,0,0,2470,0.636665;0.142105263158,0.0923076923077,0.152631578947,0.0948717948718,0.142105263158,0.074358974359,0.205263157895,0.0923076923077,0.142105263158,0.110256410256,0.152631578947,0.0974358974359,0.105263157895,0.0923076923077,0.184210526316,0.1,0.142105263158,0.0794871794872,0.205263157895,0.0948717948718,0.136842105263
jellyfish-290sw,WATERFALL,3,1,0.00641025641026,0.00641025641026,0.00213675213675,2500,15.781340;0,0,0,0,0,0,0,0,0,0,0,1.00641025641,0,0,0,0.998717948718,0,0,0,0.280769230769,0
jellyfish-290sw,BALANCED,21,0,0,0,0,5070,0.619721;0.536842105263,0.210256410256,0.426315789474,0.133333333333,0.384210526316,0.189743589744,0.373684210526,0.184615384615,0.484210526316,0.189743589744,0.394736842105,0.158974358974,0.457894736842,0.192307692308,0.326315789474,0.158974358974,0.431578947368,0.215384615385,0.4,0.174358974359,0.478947368421
jellyfish-290sw,MAX_CPU,21,0,0,0,0,5070,0.619721;0.205263157895,0.230769230769,0.552631578947,0.441025641026,0.242105263158,0.148717948718,0.605263157895,0.417948717949,0.152631578947,0.164102564103,0.557894736842,0.469230769231,0.210526315789,0.166666666667,0.526315789474,0.420512820513,0.231578947368,0.174358974359,0.605263157895,0.394871794872,0.178947368421
jellyfish-290sw,C90,21,0,0,0,0,4930,0.619721;0.168421052632,0.235897435897,0.363157894737,0.246153846154,0.205263157895,0.230769230769,0.257894736842,0.307692307692,0.173684210526,0.210256410256,0.310526315789,0.274358974359,0.252631578947,0.230769230769,0.278947368421,0.3,0.247368421053,0.207692307692,0.384210526316,0.325641025641,0.2
jellyfish-290sw,MAX_CPU_N,21,0,0,0,0,5030,0.619721;0.4,0.320512820513,0.268421052632,0.238461538462,0.242105263158,0.276923076923,0.294736842105,0.148717948718,0.268421052632,0.297435897436,0.294736842105,0.2,0.273684210526,0.289743589744,0.347368421053,0.228205128205,0.289473684211,0.292307692308,0.294736842105,0.238461538462,0.336842105263
jellyfish-330sw,WATERFALL,3,0,0,0,0,2980,7.515014;0,0,0,0,0,0,0,0,0,0,0,0.816666666667,0,0,0,0.912820512821,0,0,0,0.888461538462,0
jellyfish-330sw,BALANCED,21,0,0,0,0,5730,0.664777;0.552631578947,0.261538461538,0.473684210526,0.169230769231,0.547368421053,0.212820512821,0.342105263158,0.184615384615,0.463157894737,0.212820512821,0.394736842105,0.146153846154,0.578947368421,0.25641025641,0.452631578947,0.194871794872,0.536842105263,0.276923076923,0.363157894737,0.207692307692,0.542105263158
jellyfish-330sw,MAX_CPU,21,0,0,0,0,5590,0.664777;0.221052631579,0.210256410256,0.678947368421,0.525641025641,0.194736842105,0.184615384615,0.647368421053,0.561538461538,0.221052631579,0.266666666667,0.573684210526,0.487179487179,0.247368421053,0.187179487179,0.668421052632,0.464102564103,0.226315789474,0.220512820513,0.547368421053,0.435897435897,0.2
jellyfish-330sw,C90,21,0,0,0,0,5580,0.664777;0.252631578947,0.276923076923,0.347368421053,0.305128205128,0.242105263158,0.279487179487,0.405263157895,0.276923076923,0.278947368421,0.305128205128,0.378947368421,0.292307692308,0.247368421053,0.269230769231,0.347368421053,0.341025641026,0.189473684211,0.246153846154,0.242105263158,0.364102564103,0.263157894737
jellyfish-330sw,MAX_CPU_N,21,0,0,0,0,5850,0.664777;0.342105263158,0.412820512821,0.389473684211,0.330769230769,0.394736842105,0.261538461538,0.342105263158,0.225641025641,0.336842105263,0.333333333333,0.310526315789,0.238461538462,0.336842105263,0.34358974359,0.357894736842,0.187179487179,0.321052631579,0.292307692308,0.336842105263,0.235897435897,0.342105263158
rocketfuel-41sw,WATERFALL,1,0,0,0,0,0,2.249265;0,0,0,0,0,0,0,0,0,0,0,0,0,0,0,0,0,0,0,0.333333333333,0
rocketfuel-41sw,BALANCED,17,0,0,0,0,730,0.599069;0.0684210526316,0.0,0,0.0307692307692,0.105263157895,0.0128205128205,0.126315789474,0.0153846153846,0.0421052631579,0.0,0,0.0307692307692,0.105263157895,0.0384615384615,0.1,0.0179487179487,0.0684210526316,0.0128205128205,0.0947368421053,0.0307692307692,0.0631578947368
rocketfuel-41sw,MAX_CPU,14,0,0,0,0,640,0.599069;0,0.0128205128205,0.142105263158,0.0589743589744,0.0526315789474,0,0.189473684211,0.0410256410256,0,0.025641025641,0.205263157895,0.0923076923077,0,0.0128205128205,0.168421052632,0.0615384615385,0,0.025641025641,0,0.0538461538462,0
rocketfuel-41sw,C90,12,0,0,0,0,600,0.599069;0,0.0128205128205,0,0.0692307692308,0.0263157894737,0.025641025641,0,0.0435897435897,0,0.0,0,0.0435897435897,0,0.025641025641,0.0947368421053,0.0410256410256,0,0.0384615384615,0.115789473684,0.0538461538462,0
rocketfuel-41sw,MAX_CPU_N,13,0,0,0,0,610,0.599069;0,0.025641025641,0,0.0384615384615,0,0.025641025641,0,0.0333333333333,0.0684210526316,0.0512820512821,0,0.0333333333333,0.0947368421053,0.0128205128205,0,0.0384615384615,0,0.0384615384615,0,0.0128205128205,0.0684210526316
jellyfish-310sw,WATERFALL,3,1,0.00897435897436,0.00897435897436,0.00299145299145,2810,6.999349;0,0,0,0,0,0,0,0,0,0,0,0.975641025641,0,0,0,1.00897435897,0,0,0,0.458974358974,0
jellyfish-310sw,BALANCED,21,0,0,0,0,5410,0.643328;0.473684210526,0.238461538462,0.405263157895,0.115384615385,0.531578947368,0.251282051282,0.468421052632,0.215384615385,0.394736842105,0.202564102564,0.410526315789,0.164102564103,0.5,0.192307692308,0.436842105263,0.176923076923,0.447368421053,0.189743589744,0.468421052632,0.192307692308,0.505263157895
jellyfish-310sw,MAX_CPU,21,0,0,0,0,5280,0.643328;0.210526315789,0.182051282051,0.621052631579,0.44358974359,0.273684210526,0.215384615385,0.584210526316,0.515384615385,0.189473684211,0.197435897436,0.594736842105,0.417948717949,0.236842105263,0.246153846154,0.605263157895,0.407692307692,0.215789473684,0.187179487179,0.605263157895,0.438461538462,0.163157894737
jellyfish-310sw,C90,21,0,0,0,0,5230,0.643328;0.231578947368,0.284615384615,0.289473684211,0.320512820513,0.231578947368,0.235897435897,0.315789473684,0.310256410256,0.284210526316,0.228205128205,0.394736842105,0.305128205128,0.205263157895,0.248717948718,0.294736842105,0.320512820513,0.210526315789,0.220512820513,0.289473684211,0.305128205128,0.242105263158
jellyfish-310sw,MAX_CPU_N,21,0,0,0,0,5390,0.643328;0.273684210526,0.284615384615,0.247368421053,0.246153846154,0.247368421053,0.35641025641,0.352631578947,0.207692307692,0.357894736842,0.315384615385,0.326315789474,0.217948717949,0.273684210526,0.325641025641,0.252631578947,0.269230769231,0.326315789474,0.34358974359,0.331578947368,0.246153846154,0.321052631579
fattree-101sw,WATERFALL,1,0,0,0,0,0,2.348084;0,0,0,0,0,0,0,0,0,0,0,0,0,0,0,0,0,0,0,0.776923076923,0
fattree-101sw,BALANCED,20,0,0,0,0,2510,0.650809;0.168421052632,0.025641025641,0.121052631579,0.0307692307692,0.131578947368,0.0128205128205,0.194736842105,0.0615384615385,0.131578947368,0.0128205128205,0.173684210526,0.0512820512821,0.231578947368,0.0,0.231578947368,0.0794871794872,0.110526315789,0.0230769230769,0.231578947368,0.0615384615385,0.110526315789
fattree-101sw,MAX_CPU,19,0,0,0,0,2420,0.650809;0.0789473684211,0.025641025641,0.247368421053,0.123076923077,0,0.0384615384615,0.242105263158,0.125641025641,0.0789473684211,0.0384615384615,0.294736842105,0.133333333333,0.0789473684211,0.0384615384615,0.310526315789,0.14358974359,0,0.0384615384615,0.326315789474,0.125641025641,0.0578947368421
fattree-101sw,C90,18,0,0,0,0,2210,0.650809;0.0789473684211,0.0512820512821,0,0.0692307692308,0,0.0512820512821,0.121052631579,0.0589743589744,0.0789473684211,0.0512820512821,0.136842105263,0.0974358974359,0.0789473684211,0.0512820512821,0.178947368421,0.120512820513,0.0789473684211,0.0435897435897,0.157894736842,0.0871794871795,0
fattree-101sw,MAX_CPU_N,20,0,0,0,0,2390,0.650809;0.0789473684211,0.0692307692308,0,0.0384615384615,0.147368421053,0.0948717948718,0.1,0.0769230769231,0.0842105263158,0.0307692307692,0.1,0.0487179487179,0.121052631579,0.0769230769231,0.157894736842,0.0769230769231,0.163157894737,0.0820512820513,0.142105263158,0.0564102564103,0.126315789474
fattree-151sw,WATERFALL,2,0,0,0,0,1320,5.779330;0,0,0,0,0,0,0,0,0,0,0,0,0,0,0,0.446153846154,0,0,0,0.896153846154,0
fattree-151sw,BALANCED,21,0,0,0,0,4200,0.630569;0.189473684211,0.0794871794872,0.284210526316,0.0666666666667,0.315789473684,0.0794871794872,0.305263157895,0.102564102564,0.221052631579,0.1,0.305263157895,0.0487179487179,0.194736842105,0.120512820513,0.189473684211,0.112820512821,0.336842105263,0.0820512820513,0.284210526316,0.115384615385,0.242105263158
fattree-151sw,MAX_CPU,19,0,0,0,0,3780,0.630569;0.115789473684,0.1,0.421052631579,0.220512820513,0,0.0923076923077,0.363157894737,0.220512820513,0.115789473684,0.120512820513,0.421052631579,0.228205128205,0.163157894737,0.128205128205,0.410526315789,0.269230769231,0.105263157895,0.102564102564,0.421052631579,0.269230769231,0
fattree-151sw,C90,20,0,0,0,0,4040,0.630569;0.121052631579,0.115384615385,0.168421052632,0.166666666667,0.1,0.115384615385,0.189473684211,0.128205128205,0.131578947368,0.115384615385,0.247368421053,0.166666666667,0,0.117948717949,0.189473684211,0.166666666667,0.121052631579,0.117948717949,0.247368421053,0.166666666667,0.121052631579
fattree-151sw,MAX_CPU_N,21,0,0,0,0,4140,0.630569;0.131578947368,0.120512820513,0.210526315789,0.138461538462,0.189473684211,0.125641025641,0.168421052632,0.123076923077,0.257894736842,0.194871794872,0.189473684211,0.130769230769,0.2,0.158974358974,0.189473684211,0.130769230769,0.136842105263,0.164102564103,0.247368421053,0.074358974359,0.121052631579
jellyfish-550sw,WATERFALL,5,0,0,0,0,6290,16.885876;0,0,0,0.95641025641,0,0,0,0.875641025641,0,0,0,0.903846153846,0,0,0,0.776923076923,0,0,0,0.851282051282,0
jellyfish-550sw,BALANCED,21,1,0.0368421052632,0.0368421052632,0.00175438596491,9140,0.658016;0.815789473684,0.423076923077,0.757894736842,0.3,0.978947368421,0.4,0.731578947368,0.297435897436,1.03684210526,0.446153846154,0.778947368421,0.246153846154,0.9,0.358974358974,0.626315789474,0.287179487179,0.757894736842,0.44358974359,0.647368421053,0.302564102564,0.747368421053
jellyfish-550sw,MAX_CPU,21,0,0,0,0,8880,0.658016;0.468421052632,0.389743589744,0.994736842105,0.810256410256,0.389473684211,0.389743589744,0.884210526316,0.761538461538,0.363157894737,0.315384615385,0.936842105263,0.920512820513,0.442105263158,0.389743589744,0.884210526316,0.771794871795,0.363157894737,0.376923076923,0.978947368421,0.802564102564,0.363157894737
jellyfish-550sw,C90,21,0,0,0,0,8970,0.658016;0.4,0.517948717949,0.621052631579,0.553846153846,0.4,0.482051282051,0.542105263158,0.528205128205,0.373684210526,0.441025641026,0.547368421053,0.579487179487,0.273684210526,0.45641025641,0.6,0.476923076923,0.294736842105,0.461538461538,0.489473684211,0.548717948718,0.405263157895
jellyfish-550sw,MAX_CPU_N,21,0,0,0,0,8970,0.658016;0.584210526316,0.625641025641,0.442105263158,0.405128205128,0.636842105263,0.535897435897,0.442105263158,0.448717948718,0.573684210526,0.548717948718,0.547368421053,0.374358974359,0.542105263158,0.535897435897,0.515789473684,0.415384615385,0.652631578947,0.584615384615,0.436842105263,0.428205128205,0.505263157895
